"Democratic.Unionist","Official.Unionist","Alliance","SDLP","Irish.Independence","Republican.Clubs","Unionist.of.NI","Ulster.Unionist","United.Ulster.Unionist","Ind8","Constituency","CV","FPTP","Labour","Conservative","Liberal","Plaid.Cymru","Communist","SNP","National.Front","Ecology","Scottish.Labour","Ind.Labour","WRP","Speaker"
65692.0000000004,0,0,0,0,0,0,0,0,0,"Antrim North","Democratic.Unionist","Democratic.Unionist",0,0,0,0,0,0,0,0,0,0,0,0
0,71743.0000000002,0,0,0,0,0,0,0,0,"Antrim South","Official.Unionist","Official.Unionist",0,0,0,0,0,0,0,0,0,0,0,0
0,9523.99999999973,0,55707.0000000006,0,0,0,0,0,0,"Armagh","SDLP","Official.Unionist",0,0,0,0,0,0,0,0,0,0,0,0
0,0,49006.9999999999,0,0,0,0,0,0,0,"Belfast East","Alliance","Democratic.Unionist",0,0,0,0,0,0,0,0,0,0,0,0
5282.99999999982,0,8793.00000000004,6257.99999999991,0,12100.0000000001,8021.00000000009,0,0,0,"Belfast North","Republican.Clubs","Democratic.Unionist",0,0,0,0,0,0,0,0,0,0,0,0
0,46098.0000000003,0,0,0,0,0,0,0,0,"Belfast South","Official.Unionist","Official.Unionist",0,0,0,0,0,0,0,0,0,0,0,0
0,0,0,32749,0,0,0,0,0,0,"Belfast West","SDLP","SDLP",0,0,0,0,0,0,0,0,0,0,0,0
0,0,25092.0000000003,0,0,0,0,36989.0000000003,0,0,"Down North","Ulster.Unionist","Ulster.Unionist",0,0,0,0,0,0,0,0,0,0,0,0
0,64229.0000000003,0,0,0,0,0,0,0,0,"Down South","Official.Unionist","Official.Unionist",0,0,0,0,0,0,0,0,0,0,0,0
0,0,0,39773.0000000004,0,0,0,0,0,22398.0000000002,"Fermanagh and South Tyrone","SDLP","Ind8",0,0,0,0,0,0,0,0,0,0,0,0
0,62984.0000000005,0,0,0,0,0,0,0,0,"Londonderry","Official.Unionist","Official.Unionist",0,0,0,0,0,0,0,0,0,0,0,0
0,0,0,2522.99999999978,23086.0000000001,0,0,0,39856.0000000001,0,"Ulster Mid","United.Ulster.Unionist","United.Ulster.Unionist",0,0,0,0,0,0,0,0,0,0,0,0
0,0,0,0,0,0,0,0,0,0,"Aberavon","Labour","Labour",51341,0,0,0,0,0,0,0,0,0,0,0
0,0,0,0,0,0,0,0,0,0,"Aberdare","Labour","Labour",37339,0,0,0,0,0,0,0,0,0,0,0
0,0,0,0,0,0,0,0,0,0,"Aberdeen North","Labour","Labour",45111,0,0,0,0,0,0,0,0,0,0,0
0,0,0,0,0,0,0,0,0,0,"Aberdeen South","Labour","Conservative",51130,0,0,0,0,0,0,0,0,0,0,0
0,0,0,0,0,0,0,0,0,0,"Aberdeenshire East","SNP","Conservative",0,0,0,0,0,39297,0,0,0,0,0,0
0,0,0,0,0,0,0,0,0,0,"Aberdeenshire West","Liberal","Conservative",0,0,51573,0,0,0,0,0,0,0,0,0
0,0,0,0,0,0,0,0,0,0,"Abertillery","Labour","Labour",28559,0,0,0,0,0,0,0,0,0,0,0
0,0,0,0,0,0,0,0,0,0,"Abingdon","Conservative","Conservative",0,76294.9999999999,0,0,0,0,0,0,0,0,0,0
0,0,0,0,0,0,0,0,0,0,"Accrington","Labour","Labour",40012.0000000001,0,0,0,0,0,0,0,0,0,0,0
0,0,0,0,0,0,0,0,0,0,"Acton","Conservative","Conservative",0,40364,0,0,0,0,0,0,0,0,0,0
0,0,0,0,0,0,0,0,0,0,"Aldershot","Conservative","Conservative",0,66150.0000000001,0,0,0,0,0,0,0,0,0,0
0,0,0,0,0,0,0,0,0,0,"Aldridge-Brownhills","Conservative","Conservative",0,52308,0,0,0,0,0,0,0,0,0,0
0,0,0,0,0,0,0,0,0,0,"Altrincham and Sale","Conservative","Conservative",0,57915.0000000001,0,0,0,0,0,0,0,0,0,0
0,0,0,0,0,0,0,0,0,0,"Anglesey","Plaid.Cymru","Conservative",0,0,16072,22674,0,0,0,0,0,0,0,0
0,0,0,0,0,0,0,0,0,0,"Angus North and Mearns","SNP","Conservative",0,0,0,0,0,31821.0000000001,0,0,0,0,0,0
0,0,0,0,0,0,0,0,0,0,"Angus South","SNP","Conservative",0,0,0,0,0,45936,0,0,0,0,0,0
0,0,0,0,0,0,0,0,0,0,"Argyll","SNP","Conservative",0,0,0,0,0,33132.0000000001,0,0,0,0,0,0
0,0,0,0,0,0,0,0,0,0,"Arundel","Conservative","Conservative",0,67684.9999999999,0,0,0,0,0,0,0,0,0,0
0,0,0,0,0,0,0,0,0,0,"Ashfield","Labour","Labour",62746.0000000001,0,0,0,0,0,0,0,0,0,0,0
0,0,0,0,0,0,0,0,0,0,"Ashford","Conservative","Conservative",0,47119,0,0,0,0,0,0,0,0,0,0
0,0,0,0,0,0,0,0,0,0,"Ashton-under-Lyne","Labour","Labour",44876,0,0,0,0,0,0,0,0,0,0,0
0,0,0,0,0,0,0,0,0,0,"Aylesbury","Conservative","Conservative",0,58292.0000000001,0,0,0,0,0,0,0,0,0,0
0,0,0,0,0,0,0,0,0,0,"Ayr","Liberal","Conservative",0,0,43699.9999999999,0,0,0,0,0,0,0,0,0
0,0,0,0,0,0,0,0,0,0,"Ayrshire Central","Labour","Labour",53664,0,0,0,0,0,0,0,0,0,0,0
0,0,0,0,0,0,0,0,0,0,"Ayrshire North and Bute","Conservative","Conservative",0,37873.0000000001,0,0,0,0,0,0,0,0,0,0
0,0,0,0,0,0,0,0,0,0,"Ayrshire South","Labour","Labour",26804,0,0,0,0,0,0,0,13737,0,0,0
0,0,0,0,0,0,0,0,0,0,"Banbury","Conservative","Conservative",0,56922,0,0,0,0,0,0,0,0,0,0
0,0,0,0,0,0,0,0,0,0,"Banff","SNP","Conservative",0,0,0,0,0,23742.0000000001,0,0,0,0,0,0
0,0,0,0,0,0,0,0,0,0,"Barking","Labour","Labour",34314,0,0,0,0,0,0,0,0,0,0,0
0,0,0,0,0,0,0,0,0,0,"Barkston Ash","Conservative","Conservative",0,71789,0,0,0,0,0,0,0,0,0,0
0,0,0,0,0,0,0,0,0,0,"Barnsley","Labour","Labour",56029.0000000001,0,0,0,0,0,0,0,0,0,0,0
0,0,0,0,0,0,0,0,0,0,"Barrow-in-Furness","Labour","Labour",42616,0,0,0,0,0,0,0,0,0,0,0
0,0,0,0,0,0,0,0,0,0,"Barry","Conservative","Conservative",0,60346.0000000002,0,0,0,0,0,0,0,0,0,0
0,0,0,0,0,0,0,0,0,0,"Basildon","Conservative","Conservative",0,80818,0,0,0,0,0,0,0,0,0,0
0,0,0,0,0,0,0,0,0,0,"Basingstoke","Conservative","Conservative",0,78785,0,0,0,0,0,0,0,0,0,0
0,0,0,0,0,0,0,0,0,0,"Bassetlaw","Labour","Labour",58586,0,0,0,0,0,0,0,0,0,0,0
0,0,0,0,0,0,0,0,0,0,"Bath","Liberal","Conservative",0,0,49633.0000000001,0,0,0,0,0,0,0,0,0
0,0,0,0,0,0,0,0,0,0,"Batley and Morley","Labour","Labour",46018.9999999999,0,0,0,0,0,0,0,0,0,0,0
0,0,0,0,0,0,0,0,0,0,"Battersea North","National.Front","Labour",8672.00000000037,0,0,0,0,0,19416.9999999996,0,0,0,0,0
0,0,0,0,0,0,0,0,0,0,"Battersea South","Liberal","Labour",0,0,30999,0,0,0,0,0,0,0,0,0
0,0,0,0,0,0,0,0,0,0,"Beaconsfield","Conservative","Conservative",0,51782.0000000002,0,0,0,0,0,0,0,0,0,0
0,0,0,0,0,0,0,0,0,0,"Bebington and Ellesmere Port","Labour","Conservative",74081.0000000001,0,0,0,0,0,0,0,0,0,0,0
0,0,0,0,0,0,0,0,0,0,"Beckenham","Conservative","Conservative",0,43281.0000000001,0,0,0,0,0,0,0,0,0,0
0,0,0,0,0,0,0,0,0,0,"Bedford","Conservative","Conservative",0,60809.0000000001,0,0,0,0,0,0,0,0,0,0
0,0,0,0,0,0,0,0,0,0,"Bedfordshire Mid","Conservative","Conservative",0,66331,0,0,0,0,0,0,0,0,0,0
0,0,0,0,0,0,0,0,0,0,"Bedfordshire South","Conservative","Conservative",0,58521.0000000001,0,0,0,0,0,0,0,0,0,0
0,0,0,0,0,0,0,0,0,0,"Bedwellty","Labour","Labour",40356.0000000001,0,0,0,0,0,0,0,0,0,0,0
0,0,0,0,0,0,0,0,0,0,"Beeston","Conservative","Conservative",0,63284.9999999999,0,0,0,0,0,0,0,0,0,0
0,0,0,0,0,0,0,0,0,0,"Belper","Labour","Conservative",61295.0000000001,0,0,0,0,0,0,0,0,0,0,0
0,0,0,0,0,0,0,0,0,0,"Bermondsey","Labour","Labour",30406,0,0,0,0,0,0,0,0,0,0,0
0,0,0,0,0,0,0,0,0,0,"Berwick and East Lothian","Labour","Labour",50529,0,0,0,0,0,0,0,0,0,0,0
0,0,0,0,0,0,0,0,0,0,"Berwick-upon-Tweed","Liberal","Liberal",0,0,35616.0000000001,0,0,0,0,0,0,0,0,0
0,0,0,0,0,0,0,0,0,0,"Bexleyheath","Conservative","Conservative",0,40761,0,0,0,0,0,0,0,0,0,0
0,0,0,0,0,0,0,0,0,0,"Bethnal Green and Bow","Liberal","Labour",0,0,28390,0,0,0,0,0,0,0,0,0
0,0,0,0,0,0,0,0,0,0,"Birkenhead","Labour","Labour",41711,0,0,0,0,0,0,0,0,0,0,0
0,0,0,0,0,0,0,0,0,0,"Birmingham Edgbaston","Conservative","Conservative",0,46026,0,0,0,0,0,0,0,0,0,0
0,0,0,0,0,0,0,0,0,0,"Birmingham Erdington","Labour","Labour",43704.0000000001,0,0,0,0,0,0,0,0,0,0,0
0,0,0,0,0,0,0,0,0,0,"Birmingham Hall Green","Conservative","Conservative",0,49635,0,0,0,0,0,0,0,0,0,0
0,0,0,0,0,0,0,0,0,0,"Birmingham Handsworth","Labour","Labour",30787,0,0,0,0,0,0,0,0,0,0,0
0,0,0,0,0,0,0,0,0,0,"Birmingham Ladywood","Liberal","Labour",0,0,21171,0,0,0,0,0,0,0,0,0
0,0,0,0,0,0,0,0,0,0,"Birmingham Northfield","Labour","Conservative",55699.9999999999,0,0,0,0,0,0,0,0,0,0,0
0,0,0,0,0,0,0,0,0,0,"Birmingham Perry Barr","Labour","Labour",39250,0,0,0,0,0,0,0,0,0,0,0
0,0,0,0,0,0,0,0,0,0,"Birmingham Selly Oak","Conservative","Conservative",0,47428,0,0,0,0,0,0,0,0,0,0
0,0,0,0,0,0,0,0,0,0,"Birmingham Small Heath","Liberal","Labour",0,0,28963,0,0,0,0,0,0,0,0,0
0,0,0,0,0,0,0,0,0,0,"Birmingham Sparkbrook","Labour","Labour",29830,0,0,0,0,0,0,0,0,0,0,0
0,0,0,0,0,0,0,0,0,0,"Birmingham Stechford","Labour","Labour",43730.0000000001,0,0,0,0,0,0,0,0,0,0,0
0,0,0,0,0,0,0,0,0,0,"Birmingham Yardley","Labour","Conservative",42462,0,0,0,0,0,0,0,0,0,0,0
0,0,0,0,0,0,0,0,0,0,"Bishop Auckland","Labour","Labour",55799,0,0,0,0,0,0,0,0,0,0,0
0,0,0,0,0,0,0,0,0,0,"Blaby","Conservative","Conservative",0,57135,0,0,0,0,0,0,0,0,0,0
0,0,0,0,0,0,0,0,0,0,"Blackburn","Labour","Labour",38811.9999999999,0,0,0,0,0,0,0,0,0,0,0
0,0,0,0,0,0,0,0,0,0,"Blackpool North","Conservative","Conservative",0,43259,0,0,0,0,0,0,0,0,0,0
0,0,0,0,0,0,0,0,0,0,"Blackpool South","Liberal","Conservative",0,0,42257.0000000002,0,0,0,0,0,0,0,0,0
0,0,0,0,0,0,0,0,0,0,"Blaydon","Labour","Labour",46229,0,0,0,0,0,0,0,0,0,0,0
0,0,0,0,0,0,0,0,0,0,"Blyth","Labour","Labour",44017,0,0,0,0,0,0,0,0,18387,0,0
0,0,0,0,0,0,0,0,0,0,"Bodmin","Liberal","Conservative",0,0,50022.9999999999,0,0,0,0,0,0,0,0,0
0,0,0,0,0,0,0,0,0,0,"Bolsover","Labour","Labour",41299,0,0,0,0,0,0,0,0,0,0,0
0,0,0,0,0,0,0,0,0,0,"Bolton East","Labour","Labour",46048,0,0,0,0,0,0,0,0,0,0,0
0,0,0,0,0,0,0,0,0,0,"Bolton West","Labour","Labour",39854.0000000001,0,0,0,0,0,0,0,0,0,0,0
0,0,0,0,0,0,0,0,0,0,"Bootle","Labour","Labour",43172.0000000001,0,0,0,0,0,0,0,0,0,0,0
0,0,0,0,0,0,0,0,0,0,"Bosworth","Conservative","Conservative",0,76338.9999999999,0,0,0,0,0,0,0,0,0,0
0,0,0,0,0,0,0,0,0,0,"Bothwell","Labour","Labour",48194,0,0,0,0,0,0,0,0,0,0,0
0,0,0,0,0,0,0,0,0,0,"Bournemouth East","Conservative","Conservative",0,40622,0,0,0,0,0,0,0,0,0,0
0,0,0,0,0,0,0,0,0,0,"Bournemouth West","Conservative","Conservative",0,43234.9999999999,0,0,0,0,0,0,0,0,0,0
0,0,0,0,0,0,0,0,0,0,"Bradford North","Labour","Labour",49208.0000000001,0,0,0,0,0,0,0,0,0,0,0
0,0,0,0,0,0,0,0,0,0,"Bradford South","Labour","Labour",55877,0,0,0,0,0,0,0,0,0,0,0
0,0,0,0,0,0,0,0,0,0,"Bradford West","Labour","Labour",45164.0000000001,0,0,0,0,0,0,0,0,0,0,0
0,0,0,0,0,0,0,0,0,0,"Braintree","Conservative","Conservative",0,60783,0,0,0,0,0,0,0,0,0,0
0,0,0,0,0,0,0,0,0,0,"Brecon and Radnor","Conservative","Conservative",0,47978.0000000001,0,0,0,0,0,0,0,0,0,0
0,0,0,0,0,0,0,0,0,0,"Brent East","Labour","Labour",38154,0,0,0,0,0,0,0,0,0,0,0
0,0,0,0,0,0,0,0,0,0,"Brent North","Conservative","Conservative",0,55352.0000000001,0,0,0,0,0,0,0,0,0,0
0,0,0,0,0,0,0,0,0,0,"Brent South","Labour","Labour",40687,0,0,0,0,0,0,0,0,0,0,0
0,0,0,0,0,0,0,0,0,0,"Brentford and Isleworth","Conservative","Conservative",0,55459.9999999999,0,0,0,0,0,0,0,0,0,0
0,0,0,0,0,0,0,0,0,0,"Brentwood and Ongar","Conservative","Conservative",0,48177,0,0,0,0,0,0,0,0,0,0
0,0,0,0,0,0,0,0,0,0,"Bridgwater","Conservative","Conservative",0,57761,0,0,0,0,0,0,0,0,0,0
0,0,0,0,0,0,0,0,0,0,"Bridlington","Conservative","Conservative",0,51071.0000000001,0,0,0,0,0,0,0,0,0,0
0,0,0,0,0,0,0,0,0,0,"Brigg and Scunthorpe","Labour","Conservative",69437.9999999999,0,0,0,0,0,0,0,0,0,0,0
0,0,0,0,0,0,0,0,0,0,"Brighouse and Spenborough","Conservative","Conservative",0,52440.0000000001,0,0,0,0,0,0,0,0,0,0
0,0,0,0,0,0,0,0,0,0,"Brighton Kemptown","Conservative","Conservative",0,47599.0000000001,0,0,0,0,0,0,0,0,0,0
0,0,0,0,0,0,0,0,0,0,"Brighton Pavilion","Conservative","Conservative",0,41356,0,0,0,0,0,0,0,0,0,0
0,0,0,0,0,0,0,0,0,0,"Bristol North East","Labour","Labour",37507,0,0,0,0,0,0,0,0,0,0,0
0,0,0,0,0,0,0,0,0,0,"Bristol North West","Conservative","Conservative",0,53263.9999999999,0,0,0,0,0,0,0,0,0,0
0,0,0,0,0,0,0,0,0,0,"Bristol South","Labour","Labour",43234.9999999999,0,0,0,0,0,0,0,0,0,0,0
0,0,0,0,0,0,0,0,0,0,"Bristol South East","Labour","Labour",54759.9999999999,0,0,0,0,0,0,0,0,0,0,0
0,0,0,0,0,0,0,0,0,0,"Bristol West","Liberal","Conservative",0,0,42227.0000000001,0,0,0,0,0,0,0,0,0
0,0,0,0,0,0,0,0,0,0,"Bromsgrove and Redditch","Conservative","Conservative",0,82175.0000000001,0,0,0,0,0,0,0,0,0,0
0,0,0,0,0,0,0,0,0,0,"Buckingham","Conservative","Conservative",0,81319,0,0,0,0,0,0,0,0,0,0
0,0,0,0,0,0,0,0,0,0,"Burnley","Labour","Labour",39325.0000000001,0,0,0,0,0,0,0,0,0,0,0
0,0,0,0,0,0,0,0,0,0,"Burton","Conservative","Conservative",0,55223.9999999999,0,0,0,0,0,0,0,0,0,0
0,0,0,0,0,0,0,0,0,0,"Bury and Radcliffe","Labour","Labour",64475,0,0,0,0,0,0,0,0,0,0,0
0,0,0,0,0,0,0,0,0,0,"Bury St. Edmunds","Conservative","Conservative",0,72979,0,0,0,0,0,0,0,0,0,0
0,0,0,0,0,0,0,0,0,0,"Caernarvon","Plaid.Cymru","Plaid.Cymru",0,0,0,35083,0,0,0,0,0,0,0,0
0,0,0,0,0,0,0,0,0,0,"Caerphilly","Labour","Labour",46424,0,0,0,0,0,0,0,0,0,0,0
0,0,0,0,0,0,0,0,0,0,"Caithness and Sutherland","SNP","Labour",0,0,0,0,0,23174,0,0,0,0,0,0
0,0,0,0,0,0,0,0,0,0,"Cambridge","Conservative","Conservative",0,55835.9999999999,0,0,0,0,0,0,0,0,0,0
0,0,0,0,0,0,0,0,0,0,"Cambridgeshire","Conservative","Conservative",0,72926.9999999999,0,0,0,0,0,0,0,0,0,0
0,0,0,0,0,0,0,0,0,0,"Cannock","Labour","Labour",47482.9999999999,0,0,0,0,0,0,0,0,0,0,0
0,0,0,0,0,0,0,0,0,0,"Canterbury","Conservative","Conservative",0,66579.0000000001,0,0,0,0,0,0,0,0,0,0
0,0,0,0,0,0,0,0,0,0,"Cardiff North","Liberal","Conservative",0,0,36315.9999999999,0,0,0,0,0,0,0,0,0
0,0,0,0,0,0,0,0,0,0,"Cardiff North West","Liberal","Conservative",0,0,35163,0,0,0,0,0,0,0,0,0
0,0,0,0,0,0,0,0,0,0,"Cardiff South East","Labour","Labour",39781.0000000001,0,0,0,0,0,0,0,0,0,0,0
0,0,0,0,0,0,0,0,0,0,"Cardiff West","Speaker","Speaker",0,0,0,0,0,0,4559.00000000003,0,0,0,0,27035
0,0,0,0,0,0,0,0,0,0,"Cardigan","Liberal","Liberal",0,0,37130,0,0,0,0,0,0,0,0,0
0,0,0,0,0,0,0,0,0,0,"Carlisle","Labour","Labour",42949,0,0,0,0,0,0,0,0,0,0,0
0,0,0,0,0,0,0,0,0,0,"Carlton","Conservative","Conservative",0,60434,0,0,0,0,0,0,0,0,0,0
0,0,0,0,0,0,0,0,0,0,"Carmarthen","Plaid.Cymru","Labour",0,0,0,51963.0000000001,0,0,0,0,0,0,0,0
0,0,0,0,0,0,0,0,0,0,"Carshalton","Conservative","Conservative",0,51644,0,0,0,0,0,0,0,0,0,0
0,0,0,0,0,0,0,0,0,0,"Cheadle","Conservative","Conservative",0,55089.9999999999,0,0,0,0,0,0,0,0,0,0
0,0,0,0,0,0,0,0,0,0,"Chelmsford","Liberal","Conservative",0,0,68186.0000000001,0,0,0,0,0,0,0,0,0
0,0,0,0,0,0,0,0,0,0,"Chelsea","Conservative","Conservative",0,32760,0,0,0,0,0,0,0,0,0,0
0,0,0,0,0,0,0,0,0,0,"Cheltenham","Liberal","Conservative",0,0,50225,0,0,0,0,0,0,0,0,0
0,0,0,0,0,0,0,0,0,0,"Chertsey and Walton","Liberal","Conservative",0,0,52626,0,0,0,0,0,0,0,0,0
0,0,0,0,0,0,0,0,0,0,"Chesham and Amersham","Conservative","Conservative",0,53593.9999999999,0,0,0,0,0,0,0,0,0,0
0,0,0,0,0,0,0,0,0,0,"Chester","Conservative","Conservative",0,55925.0000000001,0,0,0,0,0,0,0,0,0,0
0,0,0,0,0,0,0,0,0,0,"Chesterfield","Labour","Labour",54111,0,0,0,0,0,0,0,0,0,0,0
0,0,0,0,0,0,0,0,0,0,"Chester-le-Street","Labour","Labour",64031,0,0,0,0,0,0,0,0,0,0,0
0,0,0,0,0,0,0,0,0,0,"Chichester","Conservative","Conservative",0,54840.9999999999,0,0,0,0,0,0,0,0,0,0
0,0,0,0,0,0,0,0,0,0,"Chingford","Conservative","Conservative",0,43928,0,0,0,0,0,0,0,0,0,0
0,0,0,0,0,0,0,0,0,0,"Chippenham","Liberal","Conservative",0,0,59586,0,0,0,0,0,0,0,0,0
0,0,0,0,0,0,0,0,0,0,"Chipping Barnet","Conservative","Conservative",0,43533.0000000001,0,0,0,0,0,0,0,0,0,0
0,0,0,0,0,0,0,0,0,0,"Chislehurst","Conservative","Conservative",0,42652,0,0,0,0,0,0,0,0,0,0
0,0,0,0,0,0,0,0,0,0,"Chorley","Conservative","Conservative",0,66438.0000000001,0,0,0,0,0,0,0,0,0,0
0,0,0,0,0,0,0,0,0,0,"Christchurch and Lymington","Conservative","Conservative",0,45167.9999999999,0,0,0,0,0,0,0,0,0,0
0,0,0,0,0,0,0,0,0,0,"Cirencester and Tewkesbury","Conservative","Conservative",0,67283.0000000002,0,0,0,0,0,0,0,0,0,0
0,0,0,0,0,0,0,0,0,0,"Cities of London and Westminster South","Liberal","Conservative",0,0,27771,0,0,0,0,0,0,0,0,0
0,0,0,0,0,0,0,0,0,0,"Cleveland and Whitby","Conservative","Conservative",0,52423.0000000001,0,0,0,0,0,0,0,0,0,0
0,0,0,0,0,0,0,0,0,0,"Clitheroe","Conservative","Conservative",0,43944.9999999999,0,0,0,0,0,0,0,0,0,0
0,0,0,0,0,0,0,0,0,0,"Coatbridge and Airdrie","Labour","Labour",45300,0,0,0,0,0,0,0,0,0,0,0
0,0,0,0,0,0,0,0,0,0,"Colchester","Conservative","Conservative",0,69411.0000000001,0,0,0,0,0,0,0,0,0,0
0,0,0,0,0,0,0,0,0,0,"Colne Valley","Liberal","Liberal",0,0,52399.9999999999,0,0,0,0,0,0,0,0,0
0,0,0,0,0,0,0,0,0,0,"Consett","Labour","Labour",43597.0000000002,0,0,0,0,0,0,0,0,0,0,0
0,0,0,0,0,0,0,0,0,0,"Conway","Liberal","Conservative",0,0,40575.0000000001,0,0,0,0,0,0,0,0,0
0,0,0,0,0,0,0,0,0,0,"Cornwall North","Liberal","Conservative",0,0,47411.0000000001,0,0,0,0,0,0,0,0,0
0,0,0,0,0,0,0,0,0,0,"Coventry North East","Labour","Labour",47102.0000000002,0,0,0,0,0,0,0,0,0,0,0
0,0,0,0,0,0,0,0,0,0,"Coventry North West","Labour","Labour",38721,0,0,0,0,0,0,0,0,0,0,0
0,0,0,0,0,0,0,0,0,0,"Coventry South East","Labour","Labour",35603,0,0,0,0,0,0,0,0,0,0,0
0,0,0,0,0,0,0,0,0,0,"Coventry South West","Conservative","Conservative",0,56605.0000000001,0,0,0,0,0,0,0,0,0,0
0,0,0,0,0,0,0,0,0,0,"Crewe","Labour","Labour",46120.9999999999,0,0,0,0,0,0,0,0,0,0,0
0,0,0,0,0,0,0,0,0,0,"Crosby","Conservative","Conservative",0,61054.9999999999,0,0,0,0,0,0,0,0,0,0
0,0,0,0,0,0,0,0,0,0,"Croydon Central","Conservative","Conservative",0,50184,0,0,0,0,0,0,0,0,0,0
0,0,0,0,0,0,0,0,0,0,"Croydon North East","Conservative","Conservative",0,42267,0,0,0,0,0,0,0,0,0,0
0,0,0,0,0,0,0,0,0,0,"Croydon North West","Conservative","Conservative",0,40326.0000000001,0,0,0,0,0,0,0,0,0,0
0,0,0,0,0,0,0,0,0,0,"Croydon South","Conservative","Conservative",0,47598,0,0,0,0,0,0,0,0,0,0
0,0,0,0,0,0,0,0,0,0,"Dagenham","Labour","Labour",46995.9999999999,0,0,0,0,0,0,0,0,0,0,0
0,0,0,0,0,0,0,0,0,0,"Darlington","Labour","Labour",49576.0000000001,0,0,0,0,0,0,0,0,0,0,0
0,0,0,0,0,0,0,0,0,0,"Dartford","Labour","Conservative",45881,0,0,0,0,0,0,0,0,0,0,0
0,0,0,0,0,0,0,0,0,0,"Darwen","Conservative","Conservative",0,58480,0,0,0,0,0,0,0,0,0,0
0,0,0,0,0,0,0,0,0,0,"Daventry","Conservative","Conservative",0,73169.0000000001,0,0,0,0,0,0,0,0,0,0
0,0,0,0,0,0,0,0,0,0,"Dearne Valley","Labour","Labour",46183.0000000001,0,0,0,0,0,0,0,0,0,0,0
0,0,0,0,0,0,0,0,0,0,"Denbigh","Liberal","Conservative",0,0,52707.0000000001,0,0,0,0,0,0,0,0,0
0,0,0,0,0,0,0,0,0,0,"Deptford","Labour","Labour",35491,0,0,0,0,0,0,0,0,0,0,0
0,0,0,0,0,0,0,0,0,0,"Derby North","Labour","Labour",64065,0,0,0,0,0,0,0,0,0,0,0
0,0,0,0,0,0,0,0,0,0,"Derby South","Labour","Labour",53727,0,0,0,0,0,0,0,0,0,0,0
0,0,0,0,0,0,0,0,0,0,"Derbyshire North East","Labour","Labour",56542.9999999999,0,0,0,0,0,0,0,0,0,0,0
0,0,0,0,0,0,0,0,0,0,"Derbyshire South East","Conservative","Conservative",0,46637.0000000001,0,0,0,0,0,0,0,0,0,0
0,0,0,0,0,0,0,0,0,0,"Derbyshire West","Liberal","Conservative",0,0,40872.9999999999,0,0,0,0,0,0,0,0,0
0,0,0,0,0,0,0,0,0,0,"Devizes","Conservative","Conservative",0,63561.9999999999,0,0,0,0,0,0,0,0,0,0
0,0,0,0,0,0,0,0,0,0,"Devon North","Liberal","Conservative",0,0,63223,0,0,0,0,0,0,0,0,0
0,0,0,0,0,0,0,0,0,0,"Devon West","Conservative","Conservative",0,48250.9999999999,0,0,0,0,0,0,0,0,0,0
0,0,0,0,0,0,0,0,0,0,"Dewsbury","Labour","Labour",48857.0000000001,0,0,0,0,0,0,0,0,0,0,0
0,0,0,0,0,0,0,0,0,0,"Doncaster","Labour","Labour",45337.9999999999,0,0,0,0,0,0,0,0,0,0,0
0,0,0,0,0,0,0,0,0,0,"Don Valley","Labour","Labour",70481.9999999999,0,0,0,0,0,0,0,0,0,0,0
0,0,0,0,0,0,0,0,0,0,"Dorking","Conservative","Conservative",0,47213,0,0,0,0,0,0,0,0,0,0
0,0,0,0,0,0,0,0,0,0,"Dorset North","Conservative","Conservative",0,64339,0,0,0,0,0,0,0,0,0,0
0,0,0,0,0,0,0,0,0,0,"Dorset South","Conservative","Conservative",0,58154,0,0,0,0,0,0,0,0,0,0
0,0,0,0,0,0,0,0,0,0,"Dorset West","Conservative","Conservative",0,44470,0,0,0,0,0,0,0,0,0,0
0,0,0,0,0,0,0,0,0,0,"Dover and Deal","Conservative","Conservative",0,60553.9999999998,0,0,0,0,0,0,0,0,0,0
0,0,0,0,0,0,0,0,0,0,"Dudley East","Labour","Labour",41838.0000000001,0,0,0,0,0,0,0,0,0,0,0
0,0,0,0,0,0,0,0,0,0,"Dudley West","Labour","Conservative",59177,0,0,0,0,0,0,0,0,0,0,0
0,0,0,0,0,0,0,0,0,0,"Dulwich","Labour","Labour",43139,0,0,0,0,0,0,0,0,0,0,0
0,0,0,0,0,0,0,0,0,0,"Dumfries","Conservative","Conservative",0,50220,0,0,0,0,0,0,0,0,0,0
0,0,0,0,0,0,0,0,0,0,"Dunbartonshire Central","Labour","Labour",38297.9999999999,0,0,0,0,0,0,0,0,0,0,0
0,0,0,0,0,0,0,0,0,0,"Dunbartonshire East","Labour","Labour",61466.0000000002,0,0,0,0,0,0,0,0,0,0,0
0,0,0,0,0,0,0,0,0,0,"Dunbartonshire West","Labour","Labour",43709.9999999999,0,0,0,0,0,0,0,0,0,0,0
0,0,0,0,0,0,0,0,0,0,"Dundee East","SNP","SNP",0,0,0,0,0,49959,0,0,0,0,0,0
0,0,0,0,0,0,0,0,0,0,"Dundee West","Labour","Labour",50059.0000000001,0,0,0,0,0,0,0,0,0,0,0
0,0,0,0,0,0,0,0,0,0,"Dunfermline","Labour","Labour",51447.0000000001,0,0,0,0,0,0,0,0,0,0,0
0,0,0,0,0,0,0,0,0,0,"Durham","Labour","Labour",59131,0,0,0,0,0,0,0,0,0,0,0
0,0,0,0,0,0,0,0,0,0,"Durham North West","Labour","Labour",48163.9999999999,0,0,0,0,0,0,0,0,0,0,0
0,0,0,0,0,0,0,0,0,0,"Ealing North","Labour","Conservative",59777.0000000001,0,0,0,0,0,0,0,0,0,0,0
0,0,0,0,0,0,0,0,0,0,"Easington","Labour","Labour",48497.0000000001,0,0,0,0,0,0,0,0,0,0,0
0,0,0,0,0,0,0,0,0,0,"Eastbourne","Conservative","Conservative",0,58951,0,0,0,0,0,0,0,0,0,0
0,0,0,0,0,0,0,0,0,0,"East Grinstead","Conservative","Conservative",0,45577,0,0,0,0,0,0,0,0,0,0
0,0,0,0,0,0,0,0,0,0,"East Kilbride","Labour","Labour",58277,0,0,0,0,0,0,0,0,0,0,0
0,0,0,0,0,0,0,0,0,0,"Eastleigh","Conservative","Conservative",0,68880.9999999999,0,0,0,0,0,0,0,0,0,0
0,0,0,0,0,0,0,0,0,0,"Ebbw Vale","Labour","Labour",28931,0,0,0,0,0,0,0,0,0,0,0
0,0,0,0,0,0,0,0,0,0,"Eccles","Labour","Labour",45317,0,0,0,0,0,0,0,0,0,0,0
0,0,0,0,0,0,0,0,0,0,"Edinburgh Central","Liberal","Labour",0,0,25479,0,0,0,0,0,0,0,0,0
0,0,0,0,0,0,0,0,0,0,"Edinburgh East","Labour","Labour",43729.9999999999,0,0,0,0,0,0,0,0,0,0,0
0,0,0,0,0,0,0,0,0,0,"Edinburgh Leith","Liberal","Labour",0,0,27993,0,0,0,0,0,0,0,0,0
0,0,0,0,0,0,0,0,0,0,"Edinburgh North","Liberal","Conservative",0,0,32508.9999999999,0,0,0,0,0,0,0,0,0
0,0,0,0,0,0,0,0,0,0,"Edinburgh Pentlands","Liberal","Conservative",0,0,45023,0,0,0,0,0,0,0,0,0
0,0,0,0,0,0,0,0,0,0,"Edinburgh South","Liberal","Conservative",0,0,45264.0000000001,0,0,0,0,0,0,0,0,0
0,0,0,0,0,0,0,0,0,0,"Edinburgh West","Liberal","Conservative",0,0,42602.9999999999,0,0,0,0,0,0,0,0,0
0,0,0,0,0,0,0,0,0,0,"Edmonton","Labour","Labour",43935,0,0,0,0,0,0,0,0,0,0,0
0,0,0,0,0,0,0,0,0,0,"Enfield North","Conservative","Conservative",0,51868,0,0,0,0,0,0,0,0,0,0
0,0,0,0,0,0,0,0,0,0,"Epping Forest","Conservative","Conservative",0,51078.9999999999,0,0,0,0,0,0,0,0,0,0
0,0,0,0,0,0,0,0,0,0,"Epsom and Ewell","Conservative","Conservative",0,63165.0000000002,0,0,0,0,0,0,0,0,0,0
0,0,0,0,0,0,0,0,0,0,"Erith and Crayford","Labour","Labour",47517.0000000001,0,0,0,0,0,0,0,0,0,0,0
0,0,0,0,0,0,0,0,0,0,"Esher","Conservative","Conservative",0,37097.0000000001,0,0,0,0,0,0,0,0,0,0
0,0,0,0,0,0,0,0,0,0,"Essex South East","Conservative","Conservative",0,63319.9999999999,0,0,0,0,0,0,0,0,0,0
0,0,0,0,0,0,0,0,0,0,"Eton and Slough","Labour","Labour",46277,0,0,0,0,0,0,0,0,0,0,0
0,0,0,0,0,0,0,0,0,0,"Exeter","Conservative","Conservative",0,56128,0,0,0,0,0,0,0,0,0,0
0,0,0,0,0,0,0,0,0,0,"Eye","Conservative","Conservative",0,54652.0000000001,0,0,0,0,0,0,0,0,0,0
0,0,0,0,0,0,0,0,0,0,"Falmouth and Camborne","Conservative","Conservative",0,52215,0,0,0,0,0,0,0,0,0,0
0,0,0,0,0,0,0,0,0,0,"Fareham","Conservative","Conservative",0,48707.9999999999,0,0,0,0,0,0,0,0,0,0
0,0,0,0,0,0,0,0,0,0,"Farnham","Conservative","Conservative",0,51282,0,0,0,0,0,0,0,0,0,0
0,0,0,0,0,0,0,0,0,0,"Farnworth","Labour","Labour",55865.9999999999,0,0,0,0,0,0,0,0,0,0,0
0,0,0,0,0,0,0,0,0,0,"Faversham","Conservative","Conservative",0,61651.9999999999,0,0,0,0,0,0,0,0,0,0
0,0,0,0,0,0,0,0,0,0,"Feltham and Heston","Labour","Labour",59362.0000000001,0,0,0,0,0,0,0,0,0,0,0
0,0,0,0,0,0,0,0,0,0,"Fife Central","Labour","Labour",47596,0,0,0,0,0,0,0,0,0,0,0
0,0,0,0,0,0,0,0,0,0,"Fife East","Liberal","Conservative",0,0,46830,0,0,0,0,0,0,0,0,0
0,0,0,0,0,0,0,0,0,0,"Finchley","Conservative","Conservative",0,39746,0,0,0,0,0,0,0,0,0,0
0,0,0,0,0,0,0,0,0,0,"Flint East","Labour","Labour",60696.0000000001,0,0,0,0,0,0,0,0,0,0,0
0,0,0,0,0,0,0,0,0,0,"Flint West","Conservative","Conservative",0,53671,0,0,0,0,0,0,0,0,0,0
0,0,0,0,0,0,0,0,0,0,"Folkestone and Hythe","Conservative","Conservative",0,48147,0,0,0,0,0,0,0,0,0,0
0,0,0,0,0,0,0,0,0,0,"Fulham","Conservative","Conservative",0,43380,0,0,0,0,0,0,0,0,0,0
0,0,0,0,0,0,0,0,0,0,"Fylde North","Conservative","Conservative",0,59853,0,0,0,0,0,0,0,0,0,0
0,0,0,0,0,0,0,0,0,0,"Fylde South","Conservative","Conservative",0,72398.0000000001,0,0,0,0,0,0,0,0,0,0
0,0,0,0,0,0,0,0,0,0,"Gainsborough","Liberal","Conservative",0,0,51260,0,0,0,0,0,0,0,0,0
0,0,0,0,0,0,0,0,0,0,"Galloway","SNP","Conservative",0,0,0,0,0,33383.0000000001,0,0,0,0,0,0
0,0,0,0,0,0,0,0,0,0,"Gateshead East","Labour","Labour",47055,0,0,0,0,0,0,0,0,0,0,0
0,0,0,0,0,0,0,0,0,0,"Gateshead West","National.Front","Labour",0,0,0,0,0,0,20125,0,0,0,0,0
0,0,0,0,0,0,0,0,0,0,"Gillingham","Conservative","Conservative",0,50422.9999999999,0,0,0,0,0,0,0,0,0,0
0,0,0,0,0,0,0,0,0,0,"Glasgow Cathcart","Labour","Labour",36153,0,0,0,0,0,0,0,0,0,0,0
0,0,0,0,0,0,0,0,0,0,"Glasgow Central","SNP","Labour",0,0,0,0,0,11787.0000000001,0,0,0,0,0,0
0,0,0,0,0,0,0,0,0,0,"Glasgow Craigton","Labour","Labour",33313,0,0,0,0,0,0,0,0,0,0,0
0,0,0,0,0,0,0,0,0,0,"Glasgow Garscadden","Labour","Labour",38370.0000000001,0,0,0,0,0,0,0,0,0,0,0
0,0,0,0,0,0,0,0,0,0,"Glasgow Govan","SNP","Labour",0,0,0,0,0,17204,0,0,0,0,0,0
0,0,0,0,0,0,0,0,0,0,"Glasgow Hillhead","Liberal","Conservative",0,0,30133,0,0,0,0,0,0,0,0,0
0,0,0,0,0,0,0,0,0,0,"Glasgow Kelvingrove","Liberal","Labour",0,0,22118,0,0,0,0,0,0,0,0,0
0,0,0,0,0,0,0,0,0,0,"Glasgow Maryhill","Labour","Labour",34139,0,0,0,0,0,0,0,0,0,0,0
0,0,0,0,0,0,0,0,0,0,"Glasgow Pollok","Labour","Labour",43350.0000000001,0,0,0,0,0,0,0,0,0,0,0
0,0,0,0,0,0,0,0,0,0,"Glasgow Provan","Labour","Labour",34659,0,0,0,0,0,0,0,0,0,0,0
0,0,0,0,0,0,0,0,0,0,"Glasgow Queen's Park","WRP","Labour",0,0,0,0,9869.00000000005,0,0,0,0,0,13531,0
0,0,0,0,0,0,0,0,0,0,"Glasgow Shettleston","Labour","Labour",21771.0000000001,0,0,0,0,0,0,0,0,0,0,0
0,0,0,0,0,0,0,0,0,0,"Glasgow Springburn","Labour","Labour",28558,0,0,0,0,0,0,0,0,0,0,0
0,0,0,0,0,0,0,0,0,0,"Gloucester","Conservative","Conservative",0,51650,0,0,0,0,0,0,0,0,0,0
0,0,0,0,0,0,0,0,0,0,"Gloucestershire South","Conservative","Conservative",0,69637,0,0,0,0,0,0,0,0,0,0
0,0,0,0,0,0,0,0,0,0,"Gloucestershire West","Conservative","Conservative",0,58832.0000000001,0,0,0,0,0,0,0,0,0,0
0,0,0,0,0,0,0,0,0,0,"Goole","Labour","Labour",48105,0,0,0,0,0,0,0,0,0,0,0
0,0,0,0,0,0,0,0,0,0,"Gosport","Conservative","Conservative",0,39754.0000000001,0,0,0,0,0,0,0,0,0,0
0,0,0,0,0,0,0,0,0,0,"Gower","Labour","Labour",46887,0,0,0,0,0,0,0,0,0,0,0
0,0,0,0,0,0,0,0,0,0,"Grantham","Conservative","Conservative",0,66096.0000000001,0,0,0,0,0,0,0,0,0,0
0,0,0,0,0,0,0,0,0,0,"Gravesend","Conservative","Conservative",0,72357.9999999999,0,0,0,0,0,0,0,0,0,0
0,0,0,0,0,0,0,0,0,0,"Greenock and Port Glasgow","Liberal","Labour",0,0,45397,0,0,0,0,0,0,0,0,0
0,0,0,0,0,0,0,0,0,0,"Greenwich","Labour","Labour",35929.0000000001,0,0,0,0,0,0,0,0,0,0,0
0,0,0,0,0,0,0,0,0,0,"Grimsby","Labour","Labour",50296.9999999999,0,0,0,0,0,0,0,0,0,0,0
0,0,0,0,0,0,0,0,0,0,"Guildford","Conservative","Conservative",0,54957,0,0,0,0,0,0,0,0,0,0
0,0,0,0,0,0,0,0,0,0,"Hackney Central","Labour","Labour",27953,0,0,0,0,0,0,0,0,0,0,0
0,0,0,0,0,0,0,0,0,0,"Hackney North and Stoke Newington","Liberal","Labour",0,0,28488.0000000001,0,0,0,0,0,0,0,0,0
0,0,0,0,0,0,0,0,0,0,"Hackney South and Shoreditch","National.Front","Labour",0,0,0,0,0,0,25888,0,0,0,0,0
0,0,0,0,0,0,0,0,0,0,"Halesowen and Stourbridge","Conservative","Conservative",0,67047.0000000001,0,0,0,0,0,0,0,0,0,0
0,0,0,0,0,0,0,0,0,0,"Halifax","Labour","Labour",48906.0000000002,0,0,0,0,0,0,0,0,0,0,0
0,0,0,0,0,0,0,0,0,0,"Haltemprice","Conservative","Conservative",0,61904.9999999999,0,0,0,0,0,0,0,0,0,0
0,0,0,0,0,0,0,0,0,0,"Hamilton","Labour","Labour",41229,0,0,0,0,0,0,0,0,0,0,0
0,0,0,0,0,0,0,0,0,0,"Hammersmith North","Liberal","Labour",0,0,35778,0,0,0,0,0,0,0,0,0
0,0,0,0,0,0,0,0,0,0,"Hampstead","Liberal","Conservative",0,0,43147,0,0,0,0,0,0,0,0,0
0,0,0,0,0,0,0,0,0,0,"Harborough","Conservative","Conservative",0,55209,0,0,0,0,0,0,0,0,0,0
0,0,0,0,0,0,0,0,0,0,"Harlow","Labour","Labour",53133.0000000002,0,0,0,0,0,0,0,0,0,0,0
0,0,0,0,0,0,0,0,0,0,"Harrogate","Conservative","Conservative",0,51378.0000000001,0,0,0,0,0,0,0,0,0,0
0,0,0,0,0,0,0,0,0,0,"Harrow Central","Liberal","Conservative",0,0,33963,0,0,0,0,0,0,0,0,0
0,0,0,0,0,0,0,0,0,0,"Harrow East","Conservative","Conservative",0,38419.9999999999,0,0,0,0,0,0,0,0,0,0
0,0,0,0,0,0,0,0,0,0,"Harrow West","Conservative","Conservative",0,44797,0,0,0,0,0,0,0,0,0,0
0,0,0,0,0,0,0,0,0,0,"Hartlepool","Labour","Labour",49109,0,0,0,0,0,0,0,0,0,0,0
0,0,0,0,0,0,0,0,0,0,"Harwich","Conservative","Conservative",0,69374,0,0,0,0,0,0,0,0,0,0
0,0,0,0,0,0,0,0,0,0,"Hastings","Liberal","Conservative",0,16612.9999999899,23908.0000000101,0,0,0,0,0,0,0,0,0
0,0,0,0,0,0,0,0,0,0,"Havant and Waterloo","Conservative","Conservative",0,62094.0000000001,0,0,0,0,0,0,0,0,0,0
0,0,0,0,0,0,0,0,0,0,"Hayes and Harlington","Labour","Labour",42129.0000000001,0,0,0,0,0,0,0,0,0,0,0
0,0,0,0,0,0,0,0,0,0,"Hazel Grove","Conservative","Conservative",0,58414.0000000001,0,0,0,0,0,0,0,0,0,0
0,0,0,0,0,0,0,0,0,0,"Hemel Hempstead","Conservative","Conservative",0,77880.0000000001,0,0,0,0,0,0,0,0,0,0
0,0,0,0,0,0,0,0,0,0,"Hemsworth","Labour","Labour",52449.0000000001,0,0,0,0,0,0,0,0,0,0,0
0,0,0,0,0,0,0,0,0,0,"Hendon North","Conservative","Conservative",0,39891.0000000001,0,0,0,0,0,0,0,0,0,0
0,0,0,0,0,0,0,0,0,0,"Hendon South","Liberal","Conservative",0,0,37864.0000000001,0,0,0,0,0,0,0,0,0
0,0,0,0,0,0,0,0,0,0,"Henley","Conservative","Conservative",0,51110.0000000002,0,0,0,0,0,0,0,0,0,0
0,0,0,0,0,0,0,0,0,0,"Hereford","Liberal","Conservative",0,0,48204,0,0,0,0,0,0,0,0,0
0,0,0,0,0,0,0,0,0,0,"Hertford and Stevenage","Labour","Conservative",70423.0000000002,0,0,0,0,0,0,0,0,0,0,0
0,0,0,0,0,0,0,0,0,0,"Hertfordshire East","Conservative","Conservative",0,74949.9999999999,0,0,0,0,0,0,0,0,0,0
0,0,0,0,0,0,0,0,0,0,"Hertfordshire South","Conservative","Conservative",0,51522.0000000001,0,0,0,0,0,0,0,0,0,0
0,0,0,0,0,0,0,0,0,0,"Hertfordshire South West","Conservative","Conservative",0,60543,0,0,0,0,0,0,0,0,0,0
0,0,0,0,0,0,0,0,0,0,"Hexham","Liberal","Conservative",0,0,53115,0,0,0,0,0,0,0,0,0
0,0,0,0,0,0,0,0,0,0,"Heywood and Royton","Labour","Labour",62976,0,0,0,0,0,0,0,0,0,0,0
0,0,0,0,0,0,0,0,0,0,"High Peak","Liberal","Conservative",0,0,48509,0,0,0,0,0,0,0,0,0
0,0,0,0,0,0,0,0,0,0,"Hitchin","Conservative","Conservative",0,63125.0000000001,0,0,0,0,0,0,0,0,0,0
0,0,0,0,0,0,0,0,0,0,"Holborn and St. Pancras South","Liberal","Labour",0,0,24387,0,0,0,0,0,0,0,0,0
0,0,0,0,0,0,0,0,0,0,"Holland with Boston","Conservative","Conservative",0,63828,0,0,0,0,0,0,0,0,0,0
0,0,0,0,0,0,0,0,0,0,"Honiton","Conservative","Conservative",0,60611.9999999999,0,0,0,0,0,0,0,0,0,0
0,0,0,0,0,0,0,0,0,0,"Horncastle","Liberal","Conservative",0,0,38754,0,0,0,0,0,0,0,0,0
0,0,0,0,0,0,0,0,0,0,"Hornchurch","Labour","Conservative",47562.0000000001,0,0,0,0,0,0,0,0,0,0,0
0,0,0,0,0,0,0,0,0,0,"Hornsey","Conservative","Conservative",0,40808.0000000001,0,0,0,0,0,0,0,0,0,0
0,0,0,0,0,0,0,0,0,0,"Horsham and Crawley","Conservative","Conservative",0,81450.0000000001,0,0,0,0,0,0,0,0,0,0
0,0,0,0,0,0,0,0,0,0,"Houghton-le-Spring","Labour","Labour",44091,0,0,0,0,0,0,0,0,0,0,0
0,0,0,0,0,0,0,0,0,0,"Hove","Conservative","Conservative",0,50342.0000000001,0,0,0,0,0,0,0,0,0,0
0,0,0,0,0,0,0,0,0,0,"Howden","Liberal","Conservative",0,0,47383,0,0,0,0,0,0,0,0,0
0,0,0,0,0,0,0,0,0,0,"Huddersfield East","Labour","Labour",39875,0,0,0,0,0,0,0,0,0,0,0
0,0,0,0,0,0,0,0,0,0,"Huddersfield West","Liberal","Conservative",0,0,41725.0000000001,0,0,0,0,0,0,0,0,0
0,0,0,0,0,0,0,0,0,0,"Hull Central","Labour","Labour",42534,0,0,0,0,0,0,0,0,0,0,0
0,0,0,0,0,0,0,0,0,0,"Hull East","Labour","Labour",63047.0000000001,0,0,0,0,0,0,0,0,0,0,0
0,0,0,0,0,0,0,0,0,0,"Hull West","Labour","Labour",35408.9999999999,0,0,0,0,0,0,0,0,0,0,0
0,0,0,0,0,0,0,0,0,0,"Huntingdonshire","Conservative","Conservative",0,72618,0,0,0,0,0,0,0,0,0,0
0,0,0,0,0,0,0,0,0,0,"Huyton","Labour","Labour",52863.9999999998,0,0,0,0,0,0,0,0,0,0,0
0,0,0,0,0,0,0,0,0,0,"Ilford North","Conservative","Conservative",0,50939,0,0,0,0,0,0,0,0,0,0
0,0,0,0,0,0,0,0,0,0,"Ilford South","Conservative","Conservative",0,41192.0000000001,0,0,0,0,0,0,0,0,0,0
0,0,0,0,0,0,0,0,0,0,"Ilkeston","Labour","Labour",58799.0000000002,0,0,0,0,0,0,0,0,0,0,0
0,0,0,0,0,0,0,0,0,0,"Ince","Labour","Labour",61598,0,0,0,0,0,0,0,0,0,0,0
0,0,0,0,0,0,0,0,0,0,"Inverness","Liberal","Liberal",0,0,46464,0,0,0,0,0,0,0,0,0
0,0,0,0,0,0,0,0,0,0,"Ipswich","Labour","Labour",71483.0000000001,0,0,0,0,0,0,0,0,0,0,0
0,0,0,0,0,0,0,0,0,0,"Isle of Ely","Liberal","Liberal",0,0,56531,0,0,0,0,0,0,0,0,0
0,0,0,0,0,0,0,0,0,0,"Isle of Wight","Liberal","Liberal",0,0,74440.0000000001,0,0,0,0,0,0,0,0,0
0,0,0,0,0,0,0,0,0,0,"Islington Central","Ecology","Labour",0,0,0,0,0,0,10996.0000000001,15044,0,0,0,0
0,0,0,0,0,0,0,0,0,0,"Islington North","National.Front","Labour",0,0,0,0,0,0,22975,0,0,0,0,0
0,0,0,0,0,0,0,0,0,0,"Islington South and Finsbury","National.Front","Labour",0,0,0,0,0,0,23963.0000000001,0,0,0,0,0
0,0,0,0,0,0,0,0,0,0,"Jarrow","Labour","Labour",40867,0,0,0,0,0,0,0,0,0,0,0
0,0,0,0,0,0,0,0,0,0,"Keighley","Labour","Labour",43822.0000000001,0,0,0,0,0,0,0,0,0,0,0
0,0,0,0,0,0,0,0,0,0,"Kensington","Liberal","Conservative",0,0,33849.9999999999,0,0,0,0,0,0,0,0,0
0,0,0,0,0,0,0,0,0,0,"Kettering","Labour","Labour",70104,0,0,0,0,0,0,0,0,0,0,0
0,0,0,0,0,0,0,0,0,0,"Kidderminster","Conservative","Conservative",0,62384.9999999999,0,0,0,0,0,0,0,0,0,0
0,0,0,0,0,0,0,0,0,0,"Kilmarnock","Labour","Labour",48932,0,0,0,0,0,0,0,0,0,0,0
0,0,0,0,0,0,0,0,0,0,"Kingston upon Thames","Conservative","Conservative",0,43115,0,0,0,0,0,0,0,0,0,0
0,0,0,0,0,0,0,0,0,0,"Kingswood","Labour","Conservative",51913,0,0,0,0,0,0,0,0,0,0,0
0,0,0,0,0,0,0,0,0,0,"Kinross and West Perthshire","SNP","Conservative",0,0,0,0,0,30733,0,0,0,0,0,0
0,0,0,0,0,0,0,0,0,0,"Kirkcaldy","Labour","Labour",47251,0,0,0,0,0,0,0,0,0,0,0
0,0,0,0,0,0,0,0,0,0,"Knutsford","Conservative","Conservative",0,44286,0,0,0,0,0,0,0,0,0,0
0,0,0,0,0,0,0,0,0,0,"Lambeth Central","National.Front","Labour",0,0,0,0,0,0,27547,0,0,0,0,0
0,0,0,0,0,0,0,0,0,0,"Lanark","Labour","Labour",30878.0000000009,0,0,0,0,11087.9999999991,0,0,0,0,0,0
0,0,0,0,0,0,0,0,0,0,"Lanarkshire North","Labour","Labour",45096.9999999999,0,0,0,0,0,0,0,0,0,0,0
0,0,0,0,0,0,0,0,0,0,"Lancaster","Liberal","Conservative",0,0,40719,0,0,0,0,0,0,0,0,0
0,0,0,0,0,0,0,0,0,0,"Leeds East","Labour","Labour",47532,0,0,0,0,0,0,0,0,0,0,0
0,0,0,0,0,0,0,0,0,0,"Leeds North East","Conservative","Conservative",0,41352.0000000001,0,0,0,0,0,0,0,0,0,0
0,0,0,0,0,0,0,0,0,0,"Leeds North West","Conservative","Conservative",0,50206,0,0,0,0,0,0,0,0,0,0
0,0,0,0,0,0,0,0,0,0,"Leeds South","Labour","Labour",34430.0000000001,0,0,0,0,0,0,0,0,0,0,0
0,0,0,0,0,0,0,0,0,0,"Leeds South East","Liberal","Labour",0,0,28258,0,0,0,0,0,0,0,0,0
0,0,0,0,0,0,0,0,0,0,"Leeds West","Liberal","Labour",0,0,43116,0,0,0,0,0,0,0,0,0
0,0,0,0,0,0,0,0,0,0,"Leek","Conservative","Conservative",0,68919.0000000002,0,0,0,0,0,0,0,0,0,0
0,0,0,0,0,0,0,0,0,0,"Leicester East","Labour","Labour",50839.9999999999,0,0,0,0,0,0,0,0,0,0,0
0,0,0,0,0,0,0,0,0,0,"Leicester South","Labour","Labour",52894.0000000001,0,0,0,0,0,0,0,0,0,0,0
0,0,0,0,0,0,0,0,0,0,"Leicester West","Labour","Labour",48566.0000000001,0,0,0,0,0,0,0,0,0,0,0
0,0,0,0,0,0,0,0,0,0,"Leigh","Labour","Labour",51245.0000000001,0,0,0,0,0,0,0,0,0,0,0
0,0,0,0,0,0,0,0,0,0,"Leominster","Liberal","Conservative",0,0,39486,0,0,0,0,0,0,0,0,0
0,0,0,0,0,0,0,0,0,0,"Lewes","Conservative","Conservative",0,58187.0000000001,0,0,0,0,0,0,0,0,0,0
0,0,0,0,0,0,0,0,0,0,"Lewisham East","Labour","Labour",49862.0000000001,0,0,0,0,0,0,0,0,0,0,0
0,0,0,0,0,0,0,0,0,0,"Lewisham West","Labour","Labour",45065.0000000002,0,0,0,0,0,0,0,0,0,0,0
0,0,0,0,0,0,0,0,0,0,"Leyton","Labour","Labour",41060,0,0,0,0,0,0,0,0,0,0,0
0,0,0,0,0,0,0,0,0,0,"Lichfield and Tamworth","Conservative","Conservative",0,82343,0,0,0,0,0,0,0,0,0,0
0,0,0,0,0,0,0,0,0,0,"Lincoln","Liberal","Conservative",0,0,40697,0,0,0,0,0,0,0,0,0
0,0,0,0,0,0,0,0,0,0,"Liverpool Edge Hill","Liberal","Liberal",0,0,24404,0,0,0,0,0,0,0,0,0
0,0,0,0,0,0,0,0,0,0,"Liverpool Garston","Conservative","Conservative",0,58455.0000000001,0,0,0,0,0,0,0,0,0,0
0,0,0,0,0,0,0,0,0,0,"Liverpool Kirkdale","Liberal","Labour",0,0,30394.0000000001,0,0,0,0,0,0,0,0,0
0,0,0,0,0,0,0,0,0,0,"Liverpool Scotland Exchange","Liberal","Labour",0,0,12455.0000000001,0,6088.99999999992,0,0,0,0,0,0,0
0,0,0,0,0,0,0,0,0,0,"Liverpool Toxteth","Liberal","Labour",0,0,26877,0,0,0,0,0,0,0,0,0
0,0,0,0,0,0,0,0,0,0,"Liverpool Walton","Labour","Labour",36637,0,0,0,0,0,0,0,0,0,0,0
0,0,0,0,0,0,0,0,0,0,"Liverpool Wavertree","Conservative","Conservative",0,43293,0,0,0,0,0,0,0,0,0,0
0,0,0,0,0,0,0,0,0,0,"Liverpool West Derby","Labour","Labour",40696.9999999999,0,0,0,0,0,0,0,0,0,0,0
0,0,0,0,0,0,0,0,0,0,"Llanelli","Labour","Labour",51153,0,0,0,0,0,0,0,0,0,0,0
0,0,0,0,0,0,0,0,0,0,"Loughborough","Conservative","Conservative",0,62106,0,0,0,0,0,0,0,0,0,0
0,0,0,0,0,0,0,0,0,0,"Louth","Liberal","Conservative",0,0,57303.9999999999,0,0,0,0,0,0,0,0,0
0,0,0,0,0,0,0,0,0,0,"Lowestoft","Conservative","Conservative",0,66149.0000000001,0,0,0,0,0,0,0,0,0,0
0,0,0,0,0,0,0,0,0,0,"Ludlow","Liberal","Conservative",0,0,39501,0,0,0,0,0,0,0,0,0
0,0,0,0,0,0,0,0,0,0,"Luton East","Liberal","Conservative",0,0,40669,0,0,0,0,0,0,0,0,0
0,0,0,0,0,0,0,0,0,0,"Luton West","Labour","Conservative",48148.0000000001,0,0,0,0,0,0,0,0,0,0,0
0,0,0,0,0,0,0,0,0,0,"Macclesfield","Conservative","Conservative",0,68620.9999999999,0,0,0,0,0,0,0,0,0,0
0,0,0,0,0,0,0,0,0,0,"Maidstone","Conservative","Conservative",0,71737.9999999999,0,0,0,0,0,0,0,0,0,0
0,0,0,0,0,0,0,0,0,0,"Maldon","Conservative","Conservative",0,51163.0000000001,0,0,0,0,0,0,0,0,0,0
0,0,0,0,0,0,0,0,0,0,"Manchester Ardwick","Labour","Labour",30132,0,0,0,0,0,0,0,0,0,0,0
0,0,0,0,0,0,0,0,0,0,"Manchester Blackley","Labour","Labour",40381.9999999999,0,0,0,0,0,0,0,0,0,0,0
0,0,0,0,0,0,0,0,0,0,"Manchester Central","National.Front","Labour",0,0,0,0,0,0,19947,0,0,0,0,0
0,0,0,0,0,0,0,0,0,0,"Manchester Gorton","Labour","Labour",41638,0,0,0,0,0,0,0,0,0,0,0
0,0,0,0,0,0,0,0,0,0,"Manchester Moss Side","Labour","Labour",34205,0,0,0,0,0,0,0,0,0,0,0
0,0,0,0,0,0,0,0,0,0,"Manchester Openshaw","Labour","Labour",27524,0,0,0,0,0,0,0,0,0,0,0
0,0,0,0,0,0,0,0,0,0,"Manchester Withington","Liberal","Conservative",0,0,39758.9999999999,0,0,0,0,0,0,0,0,0
0,0,0,0,0,0,0,0,0,0,"Manchester Wythenshawe","Labour","Labour",45460,0,0,0,0,0,0,0,0,0,0,0
0,0,0,0,0,0,0,0,0,0,"Mansfield","Labour","Labour",55566.0000000001,0,0,0,0,0,0,0,0,0,0,0
0,0,0,0,0,0,0,0,0,0,"Melton","Conservative","Conservative",0,68720.0000000001,0,0,0,0,0,0,0,0,0,0
0,0,0,0,0,0,0,0,0,0,"Meriden","Conservative","Conservative",0,76173,0,0,0,0,0,0,0,0,0,0
0,0,0,0,0,0,0,0,0,0,"Merioneth","Plaid.Cymru","Plaid.Cymru",0,0,0,22724,0,0,0,0,0,0,0,0
0,0,0,0,0,0,0,0,0,0,"Merthyr Tydfil","Labour","Labour",31386,0,0,0,0,0,0,0,0,0,0,0
0,0,0,0,0,0,0,0,0,0,"Middlesbrough","Labour","Labour",43376,0,0,0,0,0,0,0,0,0,0,0
0,0,0,0,0,0,0,0,0,0,"Middleton and Prestwich","Labour","Labour",60975.9999999999,0,0,0,0,0,0,0,0,0,0,0
0,0,0,0,0,0,0,0,0,0,"Midlothian","Labour","Labour",78919.0000000001,0,0,0,0,0,0,0,0,0,0,0
0,0,0,0,0,0,0,0,0,0,"Mitcham and Morden","Labour","Labour",47942.0000000001,0,0,0,0,0,0,0,0,0,0,0
0,0,0,0,0,0,0,0,0,0,"Monmouth","Conservative","Conservative",0,66467.0000000001,0,0,0,0,0,0,0,0,0,0
0,0,0,0,0,0,0,0,0,0,"Montgomery","Liberal","Conservative",0,0,29134,0,0,0,0,0,0,0,0,0
0,0,0,0,0,0,0,0,0,0,"Moray and Nairn","SNP","Conservative",0,0,0,0,0,35485.0000000001,0,0,0,0,0,0
0,0,0,0,0,0,0,0,0,0,"Morecambe and Lonsdale","Conservative","Conservative",0,52471.0000000001,0,0,0,0,0,0,0,0,0,0
0,0,0,0,0,0,0,0,0,0,"Morpeth","Labour","Labour",38629,0,0,0,0,0,0,0,0,0,0,0
0,0,0,0,0,0,0,0,0,0,"Motherwell and Wishaw","Labour","Labour",39146,0,0,0,0,0,0,0,0,0,0,0
0,0,0,0,0,0,0,0,0,0,"Nantwich","Conservative","Conservative",0,50928,0,0,0,0,0,0,0,0,0,0
0,0,0,0,0,0,0,0,0,0,"Neath","Labour","Labour",41956,0,0,0,0,0,0,0,0,0,0,0
0,0,0,0,0,0,0,0,0,0,"Nelson and Colne","Liberal","Conservative",0,0,38930,0,0,0,0,0,0,0,0,0
0,0,0,0,0,0,0,0,0,0,"Newark","Conservative","Conservative",0,60444,0,0,0,0,0,0,0,0,0,0
0,0,0,0,0,0,0,0,0,0,"Newbury","Liberal","Conservative",0,0,63741.0000000002,0,0,0,0,0,0,0,0,0
0,0,0,0,0,0,0,0,0,0,"Newcastle-under-Lyme","Labour","Labour",58948.0000000001,0,0,0,0,0,0,0,0,0,0,0
0,0,0,0,0,0,0,0,0,0,"Newcastle Upon Tyne Central","Liberal","Labour",0,0,15450,0,0,0,0,0,0,0,0,0
0,0,0,0,0,0,0,0,0,0,"Newcastle Upon Tyne East","Labour","Labour",33162,0,0,0,0,0,0,0,0,0,0,0
0,0,0,0,0,0,0,0,0,0,"Newcastle Upon Tyne North","Liberal","Conservative",0,0,26714,0,0,0,0,0,0,0,0,0
0,0,0,0,0,0,0,0,0,0,"Newcastle Upon Tyne West","Labour","Labour",60218.9999999999,0,0,0,0,0,0,0,0,0,0,0
0,0,0,0,0,0,0,0,0,0,"New Forest","Conservative","Conservative",0,65747.9999999999,0,0,0,0,0,0,0,0,0,0
0,0,0,0,0,0,0,0,0,0,"Newham North East","Labour","Labour",41546,0,0,0,0,0,0,0,0,0,0,0
0,0,0,0,0,0,0,0,0,0,"Newham North West","Labour","Labour",29923,0,0,0,0,0,0,0,0,0,0,0
0,0,0,0,0,0,0,0,0,0,"Newham South","Labour","Labour",30482.9999999999,0,0,0,0,0,0,0,0,0,0,0
0,0,0,0,0,0,0,0,0,0,"Newport","Labour","Labour",59858.0000000001,0,0,0,0,0,0,0,0,0,0,0
0,0,0,0,0,0,0,0,0,0,"Newton","Labour","Labour",80703,0,0,0,0,0,0,0,0,0,0,0
0,0,0,0,0,0,0,0,0,0,"Norfolk North","Conservative","Conservative",0,77269.0000000001,0,0,0,0,0,0,0,0,0,0
0,0,0,0,0,0,0,0,0,0,"Norfolk North West","Conservative","Conservative",0,66252.0000000002,0,0,0,0,0,0,0,0,0,0
0,0,0,0,0,0,0,0,0,0,"Norfolk South","Conservative","Conservative",0,78536.9999999999,0,0,0,0,0,0,0,0,0,0
0,0,0,0,0,0,0,0,0,0,"Norfolk South West","Conservative","Conservative",0,45193.0000000001,0,0,0,0,0,0,0,0,0,0
0,0,0,0,0,0,0,0,0,0,"Normanton","Labour","Labour",47122.9999999999,0,0,0,0,0,0,0,0,0,0,0
0,0,0,0,0,0,0,0,0,0,"Northampton North","Liberal","Conservative",0,0,38563,0,0,0,0,0,0,0,0,0
0,0,0,0,0,0,0,0,0,0,"Northampton South","Conservative","Conservative",0,38501,0,0,0,0,0,0,0,0,0,0
0,0,0,0,0,0,0,0,0,0,"Northwich","Conservative","Conservative",0,43967,0,0,0,0,0,0,0,0,0,0
0,0,0,0,0,0,0,0,0,0,"Norwich North","Labour","Labour",35298,0,0,0,0,0,0,0,0,0,0,0
0,0,0,0,0,0,0,0,0,0,"Norwich South","Liberal","Labour",0,0,36164,0,0,0,0,0,0,0,0,0
0,0,0,0,0,0,0,0,0,0,"Norwood","Liberal","Labour",0,0,34382,0,0,0,0,0,0,0,0,0
0,0,0,0,0,0,0,0,0,0,"Nottingham East","Liberal","Labour",0,0,30328,0,0,0,0,0,0,0,0,0
0,0,0,0,0,0,0,0,0,0,"Nottingham North","Labour","Labour",53409.0000000002,0,0,0,0,0,0,0,0,0,0,0
0,0,0,0,0,0,0,0,0,0,"Nottingham West","Labour","Labour",56509,0,0,0,0,0,0,0,0,0,0,0
0,0,0,0,0,0,0,0,0,0,"Nuneaton","Labour","Labour",62330,0,0,0,0,0,0,0,0,0,0,0
0,0,0,0,0,0,0,0,0,0,"Ogmore","Labour","Labour",55908.9999999999,0,0,0,0,0,0,0,0,0,0,0
0,0,0,0,0,0,0,0,0,0,"Oldham East","Labour","Labour",36013,0,0,0,0,0,0,0,0,0,0,0
0,0,0,0,0,0,0,0,0,0,"Oldham West","Labour","Labour",33946,0,0,0,0,0,0,0,0,0,0,0
0,0,0,0,0,0,0,0,0,0,"Orkney and Shetland","Liberal","Liberal",0,0,19410,0,0,0,0,0,0,0,0,0
0,0,0,0,0,0,0,0,0,0,"Ormskirk","Labour","Labour",74405.9999999999,0,0,0,0,0,0,0,0,0,0,0
0,0,0,0,0,0,0,0,0,0,"Orpington","Conservative","Conservative",0,55321.0000000002,0,0,0,0,0,0,0,0,0,0
0,0,0,0,0,0,0,0,0,0,"Oswestry","Liberal","Conservative",0,0,43106,0,0,0,0,0,0,0,0,0
0,0,0,0,0,0,0,0,0,0,"Oxford","Conservative","Conservative",27453.0000000021,32201.999999998,0,0,0,0,0,0,0,0,0,0
0,0,0,0,0,0,0,0,0,0,"Oxfordshire Mid","Conservative","Conservative",0,49836.0000000001,0,0,0,0,0,0,0,0,0,0
0,0,0,0,0,0,0,0,0,0,"Paddington","Liberal","Conservative",0,0,35606.0000000001,0,0,0,0,0,0,0,0,0
0,0,0,0,0,0,0,0,0,0,"Paisley","Labour","Labour",46416.0000000001,0,0,0,0,0,0,0,0,0,0,0
0,0,0,0,0,0,0,0,0,0,"Peckham","Labour","Labour",34027,0,0,0,0,0,0,0,0,0,0,0
0,0,0,0,0,0,0,0,0,0,"Pembroke","Conservative","Conservative",0,62014,0,0,0,0,0,0,0,0,0,0
0,0,0,0,0,0,0,0,0,0,"Penistone","Labour","Labour",57091,0,0,0,0,0,0,0,0,0,0,0
0,0,0,0,0,0,0,0,0,0,"Penrith and the Border","Conservative","Conservative",0,44039.9999999999,0,0,0,0,0,0,0,0,0,0
0,0,0,0,0,0,0,0,0,0,"Perth and East Perthshire","SNP","Conservative",0,0,0,0,0,48045.0000000001,0,0,0,0,0,0
0,0,0,0,0,0,0,0,0,0,"Peterborough","Conservative","Conservative",0,56829,0,0,0,0,0,0,0,0,0,0
0,0,0,0,0,0,0,0,0,0,"Petersfield","Conservative","Conservative",0,64107.0000000001,0,0,0,0,0,0,0,0,0,0
0,0,0,0,0,0,0,0,0,0,"Plymouth Devonport","Labour","Labour",34692.0000000001,0,0,0,0,0,0,0,0,0,0,0
0,0,0,0,0,0,0,0,0,0,"Plymouth Drake","Conservative","Conservative",0,43004.9999999999,0,0,0,0,0,0,0,0,0,0
0,0,0,0,0,0,0,0,0,0,"Plymouth Sutton","Conservative","Conservative",0,52722.9999999999,0,0,0,0,0,0,0,0,0,0
0,0,0,0,0,0,0,0,0,0,"Pontefract and Castleford","Labour","Labour",44846.9999999999,0,0,0,0,0,0,0,0,0,0,0
0,0,0,0,0,0,0,0,0,0,"Pontypool","Labour","Labour",44711.0000000001,0,0,0,0,0,0,0,0,0,0,0
0,0,0,0,0,0,0,0,0,0,"Pontypridd","Labour","Labour",58343,0,0,0,0,0,0,0,0,0,0,0
0,0,0,0,0,0,0,0,0,0,"Poole","Conservative","Conservative",0,68138,0,0,0,0,0,0,0,0,0,0
0,0,0,0,0,0,0,0,0,0,"Portsmouth North","Conservative","Conservative",0,54175,0,0,0,0,0,0,0,0,0,0
0,0,0,0,0,0,0,0,0,0,"Portsmouth South","Conservative","Conservative",0,49085.0000000001,0,0,0,0,0,0,0,0,0,0
0,0,0,0,0,0,0,0,0,0,"Preston North","Labour","Conservative",40278.9999999998,0,0,0,0,0,0,0,0,0,0,0
0,0,0,0,0,0,0,0,0,0,"Preston South","Liberal","Labour",0,0,39998,0,0,0,0,0,0,0,0,0
0,0,0,0,0,0,0,0,0,0,"Pudsey","Liberal","Conservative",0,0,54510.0000000001,0,0,0,0,0,0,0,0,0
0,0,0,0,0,0,0,0,0,0,"Putney","Conservative","Conservative",0,49196,0,0,0,0,0,0,0,0,0,0
0,0,0,0,0,0,0,0,0,0,"Ravensbourne","Conservative","Conservative",0,36938.0000000001,0,0,0,0,0,0,0,0,0,0
0,0,0,0,0,0,0,0,0,0,"Reading North","Conservative","Conservative",0,49471.0000000001,0,0,0,0,0,0,0,0,0,0
0,0,0,0,0,0,0,0,0,0,"Reading South","Conservative","Conservative",0,55831,0,0,0,0,0,0,0,0,0,0
0,0,0,0,0,0,0,0,0,0,"Redcar","Labour","Labour",47112,0,0,0,0,0,0,0,0,0,0,0
0,0,0,0,0,0,0,0,0,0,"Reigate","Conservative","Conservative",0,56478,0,0,0,0,0,0,0,0,0,0
0,0,0,0,0,0,0,0,0,0,"Renfrewshire East","Conservative","Conservative",0,51937.0000000001,0,0,0,0,0,0,0,0,0,0
0,0,0,0,0,0,0,0,0,0,"Renfrewshire West","Labour","Labour",63489,0,0,0,0,0,0,0,0,0,0,0
0,0,0,0,0,0,0,0,0,0,"Rhondda","Labour","Labour",50578.0000000001,0,0,0,0,0,0,0,0,0,0,0
0,0,0,0,0,0,0,0,0,0,"Richmond (Surrey)","Liberal","Conservative",0,0,40994,0,0,0,0,0,0,0,0,0
0,0,0,0,0,0,0,0,0,0,"Richmond (Yorks)","Conservative","Conservative",0,47094.9999999999,0,0,0,0,0,0,0,0,0,0
0,0,0,0,0,0,0,0,0,0,"Ripon","Conservative","Conservative",0,41811.0000000001,0,0,0,0,0,0,0,0,0,0
0,0,0,0,0,0,0,0,0,0,"Rochdale","Liberal","Liberal",0,0,49234.0000000001,0,0,0,0,0,0,0,0,0
0,0,0,0,0,0,0,0,0,0,"Rochester and Chatham","Conservative","Conservative",0,58096,0,0,0,0,0,0,0,0,0,0
0,0,0,0,0,0,0,0,0,0,"Romford","Conservative","Conservative",0,42254.0000000001,0,0,0,0,0,0,0,0,0,0
0,0,0,0,0,0,0,0,0,0,"Ross and Cromarty","Liberal","Conservative",0,0,25116.0000000001,0,0,0,0,0,0,0,0,0
0,0,0,0,0,0,0,0,0,0,"Rossendale","Conservative","Conservative",0,42401,0,0,0,0,0,0,0,0,0,0
0,0,0,0,0,0,0,0,0,0,"Rotherham","Labour","Labour",43901,0,0,0,0,0,0,0,0,0,0,0
0,0,0,0,0,0,0,0,0,0,"Rother Valley","Labour","Labour",73907.0000000001,0,0,0,0,0,0,0,0,0,0,0
0,0,0,0,0,0,0,0,0,0,"Roxburgh, Selkirk and Peebles","Liberal","Liberal",0,0,48947.9999999999,0,0,0,0,0,0,0,0,0
0,0,0,0,0,0,0,0,0,0,"Rugby","Conservative","Conservative",0,51601,0,0,0,0,0,0,0,0,0,0
0,0,0,0,0,0,0,0,0,0,"Ruislip-Northwood","Conservative","Conservative",0,43633,0,0,0,0,0,0,0,0,0,0
0,0,0,0,0,0,0,0,0,0,"Runcorn","Conservative","Conservative",0,63916.0000000001,0,0,0,0,0,0,0,0,0,0
0,0,0,0,0,0,0,0,0,0,"Rushcliffe","Conservative","Conservative",0,54968.0000000001,0,0,0,0,0,0,0,0,0,0
0,0,0,0,0,0,0,0,0,0,"Rutherglen","Liberal","Labour",0,0,39709,0,0,0,0,0,0,0,0,0
0,0,0,0,0,0,0,0,0,0,"Rutland and Stamford","Conservative","Conservative",0,46382,0,0,0,0,0,0,0,0,0,0
0,0,0,0,0,0,0,0,0,0,"Rye","Conservative","Conservative",0,56625,0,0,0,0,0,0,0,0,0,0
0,0,0,0,0,0,0,0,0,0,"Saffron Walden","Conservative","Conservative",0,52452.0000000002,0,0,0,0,0,0,0,0,0,0
0,0,0,0,0,0,0,0,0,0,"St. Albans","Conservative","Conservative",0,58996.0000000001,0,0,0,0,0,0,0,0,0,0
0,0,0,0,0,0,0,0,0,0,"St. Helens","Labour","Labour",54481.0000000001,0,0,0,0,0,0,0,0,0,0,0
0,0,0,0,0,0,0,0,0,0,"St. Ives","Liberal","Conservative",0,0,39644,0,0,0,0,0,0,0,0,0
0,0,0,0,0,0,0,0,0,0,"St. Marylebone","Ecology","Conservative",0,0,0,0,0,0,0,24874.0000000001,0,0,0,0
0,0,0,0,0,0,0,0,0,0,"St. Pancras North","Liberal","Labour",0,0,26839.0000000001,0,0,0,0,0,0,0,0,0
0,0,0,0,0,0,0,0,0,0,"Salford East","Labour","Labour",21050,0,0,0,0,0,0,0,0,0,0,0
0,0,0,0,0,0,0,0,0,0,"Salford West","Labour","Labour",29951,0,0,0,0,0,0,0,0,0,0,0
0,0,0,0,0,0,0,0,0,0,"Salisbury","Liberal","Conservative",0,0,50001,0,0,0,0,0,0,0,0,0
0,0,0,0,0,0,0,0,0,0,"Scarborough","Liberal","Conservative",0,0,44038,0,0,0,0,0,0,0,0,0
0,0,0,0,0,0,0,0,0,0,"Sevenoaks","Conservative","Conservative",0,63940,0,0,0,0,0,0,0,0,0,0
0,0,0,0,0,0,0,0,0,0,"Sheffield Attercliffe","Labour","Labour",45775,0,0,0,0,0,0,0,0,0,0,0
0,0,0,0,0,0,0,0,0,0,"Sheffield Brightside","Labour","Labour",37487,0,0,0,0,0,0,0,0,0,0,0
0,0,0,0,0,0,0,0,0,0,"Sheffield Hallam","Conservative","Conservative",0,57220,0,0,0,0,0,0,0,0,0,0
0,0,0,0,0,0,0,0,0,0,"Sheffield Heeley","Labour","Labour",49445,0,0,0,0,0,0,0,0,0,0,0
0,0,0,0,0,0,0,0,0,0,"Sheffield Hillsborough","Labour","Labour",36176,0,0,0,0,0,0,0,0,0,0,0
0,0,0,0,0,0,0,0,0,0,"Sheffield Park","Labour","Labour",40071,0,0,0,0,0,0,0,0,0,0,0
0,0,0,0,0,0,0,0,0,0,"Shipley","Conservative","Conservative",0,43081,0,0,0,0,0,0,0,0,0,0
0,0,0,0,0,0,0,0,0,0,"Shoreham","Conservative","Conservative",0,56366,0,0,0,0,0,0,0,0,0,0
0,0,0,0,0,0,0,0,0,0,"Shrewsbury","Liberal","Conservative",0,0,48469.9999999999,0,0,0,0,0,0,0,0,0
0,0,0,0,0,0,0,0,0,0,"Sidcup","Conservative","Conservative",0,39610,0,0,0,0,0,0,0,0,0,0
0,0,0,0,0,0,0,0,0,0,"Skipton","Liberal","Conservative",0,0,45293,0,0,0,0,0,0,0,0,0
0,0,0,0,0,0,0,0,0,0,"Solihull","Conservative","Conservative",0,65039,0,0,0,0,0,0,0,0,0,0
0,0,0,0,0,0,0,0,0,0,"Somerset North","Conservative","Conservative",0,79447.0000000002,0,0,0,0,0,0,0,0,0,0
0,0,0,0,0,0,0,0,0,0,"Southall","Labour","Labour",51183,0,0,0,0,0,0,0,0,0,0,0
0,0,0,0,0,0,0,0,0,0,"Southampton Itchen","Labour","Labour",60602,0,0,0,0,0,0,0,0,0,0,0
0,0,0,0,0,0,0,0,0,0,"Southampton Test","Conservative","Conservative",0,58666.0000000001,0,0,0,0,0,0,0,0,0,0
0,0,0,0,0,0,0,0,0,0,"Southend East","Conservative","Conservative",0,39972,0,0,0,0,0,0,0,0,0,0
0,0,0,0,0,0,0,0,0,0,"Southend West","Conservative","Conservative",0,51054.9999999999,0,0,0,0,0,0,0,0,0,0
0,0,0,0,0,0,0,0,0,0,"Southgate","Conservative","Conservative",0,51365.0000000001,0,0,0,0,0,0,0,0,0,0
0,0,0,0,0,0,0,0,0,0,"Southport","Liberal","Conservative",0,0,51104.0000000001,0,0,0,0,0,0,0,0,0
0,0,0,0,0,0,0,0,0,0,"South Shields","Labour","Labour",50229,0,0,0,0,0,0,0,0,0,0,0
0,0,0,0,0,0,0,0,0,0,"Sowerby","Liberal","Conservative",0,0,39783.0000000001,0,0,0,0,0,0,0,0,0
0,0,0,0,0,0,0,0,0,0,"Spelthorne","Conservative","Conservative",0,54510,0,0,0,0,0,0,0,0,0,0
0,0,0,0,0,0,0,0,0,0,"Stafford and Stone","Conservative","Conservative",0,65646.0000000001,0,0,0,0,0,0,0,0,0,0
0,0,0,0,0,0,0,0,0,0,"Staffordshire South West","Conservative","Conservative",0,53245,0,0,0,0,0,0,0,0,0,0
0,0,0,0,0,0,0,0,0,0,"Stalybridge and Hyde","Labour","Labour",52226,0,0,0,0,0,0,0,0,0,0,0
0,0,0,0,0,0,0,0,0,0,"Stepney and Poplar","Labour","Labour",30590.0000000001,0,0,0,0,0,0,0,0,0,0,0
0,0,0,0,0,0,0,0,0,0,"Stirling, Falkirk and Grangemouth","Labour","Labour",52235.9999999997,0,0,0,0,0,0,0,0,0,0,0
0,0,0,0,0,0,0,0,0,0,"Stirlingshire East and Clackmannan","SNP","Labour",0,0,0,0,0,54354,0,0,0,0,0,0
0,0,0,0,0,0,0,0,0,0,"Stirlingshire West","Labour","Labour",47208,0,0,0,0,0,0,0,0,0,0,0
0,0,0,0,0,0,0,0,0,0,"Stockport North","Labour","Labour",42585,0,0,0,0,0,0,0,0,0,0,0
0,0,0,0,0,0,0,0,0,0,"Stockport South","Liberal","Labour",0,0,37521.9999999999,0,0,0,0,0,0,0,0,0
0,0,0,0,0,0,0,0,0,0,"Stockton","Labour","Labour",65408,0,0,0,0,0,0,0,0,0,0,0
0,0,0,0,0,0,0,0,0,0,"Stoke-on-Trent Central","Labour","Labour",41071.0000000001,0,0,0,0,0,0,0,0,0,0,0
0,0,0,0,0,0,0,0,0,0,"Stoke-on-Trent North","Labour","Labour",43214.9999999999,0,0,0,0,0,0,0,0,0,0,0
0,0,0,0,0,0,0,0,0,0,"Stoke-on-Trent South","Labour","Labour",53803,0,0,0,0,0,0,0,0,0,0,0
0,0,0,0,0,0,0,0,0,0,"Stratford-on-Avon","Conservative","Conservative",0,58720.0000000002,0,0,0,0,0,0,0,0,0,0
0,0,0,0,0,0,0,0,0,0,"Streatham","Conservative","Conservative",0,38062,0,0,0,0,0,0,0,0,0,0
0,0,0,0,0,0,0,0,0,0,"Stretford","Conservative","Conservative",0,53807.0000000001,0,0,0,0,0,0,0,0,0,0
0,0,0,0,0,0,0,0,0,0,"Stroud","Conservative","Conservative",0,61885,0,0,0,0,0,0,0,0,0,0
0,0,0,0,0,0,0,0,0,0,"Sudbury and Woodbridge","Conservative","Conservative",0,71951,0,0,0,0,0,0,0,0,0,0
0,0,0,0,0,0,0,0,0,0,"Sunderland North","Labour","Labour",50762,0,0,0,0,0,0,0,0,0,0,0
0,0,0,0,0,0,0,0,0,0,"Sunderland South","Labour","Labour",55389,0,0,0,0,0,0,0,0,0,0,0
0,0,0,0,0,0,0,0,0,0,"Surbiton","Liberal","Conservative",0,0,35417.0000000001,0,0,0,0,0,0,0,0,0
0,0,0,0,0,0,0,0,0,0,"Surrey East","Conservative","Conservative",0,44982,0,0,0,0,0,0,0,0,0,0
0,0,0,0,0,0,0,0,0,0,"Surrey North West","Conservative","Conservative",0,56815,0,0,0,0,0,0,0,0,0,0
0,0,0,0,0,0,0,0,0,0,"Sussex Mid","Conservative","Conservative",0,52512.9999999998,0,0,0,0,0,0,0,0,0,0
0,0,0,0,0,0,0,0,0,0,"Sutton and Cheam","Conservative","Conservative",0,49568.9999999999,0,0,0,0,0,0,0,0,0,0
0,0,0,0,0,0,0,0,0,0,"Sutton Coldfield","Conservative","Conservative",0,49062.0000000001,0,0,0,0,0,0,0,0,0,0
0,0,0,0,0,0,0,0,0,0,"Swansea East","Labour","Labour",45638,0,0,0,0,0,0,0,0,0,0,0
0,0,0,0,0,0,0,0,0,0,"Swansea West","Labour","Labour",52444.9999999999,0,0,0,0,0,0,0,0,0,0,0
0,0,0,0,0,0,0,0,0,0,"Swindon","Labour","Labour",50246.0000000001,0,0,0,0,0,0,0,0,0,0,0
0,0,0,0,0,0,0,0,0,0,"Taunton","Conservative","Conservative",0,53573,0,0,0,0,0,0,0,0,0,0
0,0,0,0,0,0,0,0,0,0,"Thanet East","Conservative","Conservative",0,35626,0,0,0,0,0,0,0,0,0,0
0,0,0,0,0,0,0,0,0,0,"Thanet West","Liberal","Conservative",0,0,32715,0,0,0,0,0,0,0,0,0
0,0,0,0,0,0,0,0,0,0,"Thirsk and Malton","Conservative","Conservative",0,54976.9999999999,0,0,0,0,0,0,0,0,0,0
0,0,0,0,0,0,0,0,0,0,"Thornaby","Labour","Labour",46176,0,0,0,0,0,0,0,0,0,0,0
0,0,0,0,0,0,0,0,0,0,"Thurrock","Labour","Labour",68524.0000000001,0,0,0,0,0,0,0,0,0,0,0
0,0,0,0,0,0,0,0,0,0,"Tiverton","Conservative","Conservative",0,58940.0000000001,0,0,0,0,0,0,0,0,0,0
0,0,0,0,0,0,0,0,0,0,"Tonbridge and Malling","Conservative","Conservative",0,54148.9999999999,0,0,0,0,0,0,0,0,0,0
0,0,0,0,0,0,0,0,0,0,"Tooting","Labour","Labour",35916,0,0,0,0,0,0,0,0,0,0,0
0,0,0,0,0,0,0,0,0,0,"Torbay","Conservative","Conservative",0,66056.9999999999,0,0,0,0,0,0,0,0,0,0
0,0,0,0,0,0,0,0,0,0,"Totnes","Liberal","Conservative",0,0,67123,0,0,0,0,0,0,0,0,0
0,0,0,0,0,0,0,0,0,0,"Tottenham","Labour","Labour",28569,0,0,0,0,0,0,0,0,0,0,0
0,0,0,0,0,0,0,0,0,0,"Truro","Liberal","Liberal",0,0,63305.0000000001,0,0,0,0,0,0,0,0,0
0,0,0,0,0,0,0,0,0,0,"Tunbridge Wells","Conservative","Conservative",0,53625.9999999999,0,0,0,0,0,0,0,0,0,0
0,0,0,0,0,0,0,0,0,0,"Twickenham","Liberal","Conservative",0,0,57463,0,0,0,0,0,0,0,0,0
0,0,0,0,0,0,0,0,0,0,"Tynemouth","Conservative","Conservative",0,58054.0000000001,0,0,0,0,0,0,0,0,0,0
0,0,0,0,0,0,0,0,0,0,"Upminster","Conservative","Conservative",0,53036,0,0,0,0,0,0,0,0,0,0
0,0,0,0,0,0,0,0,0,0,"Uxbridge","Conservative","Conservative",0,47565.0000000001,0,0,0,0,0,0,0,0,0,0
0,0,0,0,0,0,0,0,0,0,"Vauxhall","National.Front","Labour",0,0,0,0,0,0,24290,0,0,0,0,0
0,0,0,0,0,0,0,0,0,0,"Wakefield","Labour","Labour",53284,0,0,0,0,0,0,0,0,0,0,0
0,0,0,0,0,0,0,0,0,0,"Wallasey","Conservative","Conservative",0,53475.0000000001,0,0,0,0,0,0,0,0,0,0
0,0,0,0,0,0,0,0,0,0,"Wallsend","Labour","Labour",69306.9999999999,0,0,0,0,0,0,0,0,0,0,0
0,0,0,0,0,0,0,0,0,0,"Walsall North","Labour","Labour",52836.0000000002,0,0,0,0,0,0,0,0,0,0,0
0,0,0,0,0,0,0,0,0,0,"Walsall South","Labour","Labour",44285,0,0,0,0,0,0,0,0,0,0,0
0,0,0,0,0,0,0,0,0,0,"Walthamstow","Labour","Labour",35135.0000000001,0,0,0,0,0,0,0,0,0,0,0
0,0,0,0,0,0,0,0,0,0,"Wanstead and Woodford","Conservative","Conservative",0,42170,0,0,0,0,0,0,0,0,0,0
0,0,0,0,0,0,0,0,0,0,"Warley East","Labour","Labour",38773,0,0,0,0,0,0,0,0,0,0,0
0,0,0,0,0,0,0,0,0,0,"Warley West","Labour","Labour",43063.0000000001,0,0,0,0,0,0,0,0,0,0,0
0,0,0,0,0,0,0,0,0,0,"Warrington","Labour","Labour",31171,0,0,0,0,0,0,0,0,0,0,0
0,0,0,0,0,0,0,0,0,0,"Warwick and Leamington","Conservative","Conservative",0,66102.0000000001,0,0,0,0,0,0,0,0,0,0
0,0,0,0,0,0,0,0,0,0,"Watford","Conservative","Conservative",0,44756.9999999999,0,0,0,0,0,0,0,0,0,0
0,0,0,0,0,0,0,0,0,0,"Wellingborough","Conservative","Conservative",0,72125.0000000001,0,0,0,0,0,0,0,0,0,0
0,0,0,0,0,0,0,0,0,0,"Wells","Liberal","Conservative",0,0,58629.0000000001,0,0,0,0,0,0,0,0,0
0,0,0,0,0,0,0,0,0,0,"Welwyn and Hatfield","Conservative","Conservative",0,59456.9999999999,0,0,0,0,0,0,0,0,0,0
0,0,0,0,0,0,0,0,0,0,"West Bromwich East","Labour","Labour",40989.9999999999,0,0,0,0,0,0,0,0,0,0,0
0,0,0,0,0,0,0,0,0,0,"West Bromwich West","Labour","Labour",39465,0,0,0,0,0,0,0,0,0,0,0
0,0,0,0,0,0,0,0,0,0,"Westbury","Liberal","Conservative",0,0,58965.0000000001,0,0,0,0,0,0,0,0,0
0,0,0,0,0,0,0,0,0,0,"Western Isles","SNP","SNP",0,0,0,0,0,15119,0,0,0,0,0,0
0,0,0,0,0,0,0,0,0,0,"Westhoughton","Labour","Labour",61627.0000000001,0,0,0,0,0,0,0,0,0,0,0
0,0,0,0,0,0,0,0,0,0,"West Lothian","Labour","Labour",66910.0000000003,0,0,0,0,0,0,0,0,0,0,0
0,0,0,0,0,0,0,0,0,0,"Westmorland","Liberal","Conservative",0,0,44638,0,0,0,0,0,0,0,0,0
0,0,0,0,0,0,0,0,0,0,"Weston-Super-Mare","Conservative","Conservative",0,71343.0000000001,0,0,0,0,0,0,0,0,0,0
0,0,0,0,0,0,0,0,0,0,"Whitehaven","Labour","Labour",42355.9999999998,0,0,0,0,0,0,0,0,0,0,0
0,0,0,0,0,0,0,0,0,0,"Widnes","Labour","Labour",58075.0000000001,0,0,0,0,0,0,0,0,0,0,0
0,0,0,0,0,0,0,0,0,0,"Wigan","Labour","Labour",43743,0,0,0,0,0,0,0,0,0,0,0
0,0,0,0,0,0,0,0,0,0,"Wimbledon","Conservative","Conservative",0,50035,0,0,0,0,0,0,0,0,0,0
0,0,0,0,0,0,0,0,0,0,"Winchester","Conservative","Conservative",0,67804.0000000002,0,0,0,0,0,0,0,0,0,0
0,0,0,0,0,0,0,0,0,0,"Windsor and Maidenhead","Conservative","Conservative",0,64198.0000000002,0,0,0,0,0,0,0,0,0,0
0,0,0,0,0,0,0,0,0,0,"Wirral","Conservative","Conservative",0,75475.9999999999,0,0,0,0,0,0,0,0,0,0
0,0,0,0,0,0,0,0,0,0,"Woking","Conservative","Conservative",0,55600.9999999999,0,0,0,0,0,0,0,0,0,0
0,0,0,0,0,0,0,0,0,0,"Wokingham","Conservative","Conservative",0,66483.9999999999,0,0,0,0,0,0,0,0,0,0
0,0,0,0,0,0,0,0,0,0,"Wolverhampton North East","Labour","Labour",48075.0000000001,0,0,0,0,0,0,0,0,0,0,0
0,0,0,0,0,0,0,0,0,0,"Wolverhampton South East","Labour","Labour",37152.9999999999,0,0,0,0,0,0,0,0,0,0,0
0,0,0,0,0,0,0,0,0,0,"Wolverhampton South West","Conservative","Conservative",0,50265.0000000001,0,0,0,0,0,0,0,0,0,0
0,0,0,0,0,0,0,0,0,0,"Wood Green","Liberal","Labour",0,0,35078,0,0,0,0,0,0,0,0,0
0,0,0,0,0,0,0,0,0,0,"Woolwich East","Labour","Labour",36822,0,0,0,0,0,0,0,0,0,0,0
0,0,0,0,0,0,0,0,0,0,"Woolwich West","Conservative","Conservative",0,44828,0,0,0,0,0,0,0,0,0,0
0,0,0,0,0,0,0,0,0,0,"Worcester","Conservative","Conservative",0,58841.9999999999,0,0,0,0,0,0,0,0,0,0
0,0,0,0,0,0,0,0,0,0,"Worcestershire South","Conservative","Conservative",0,61125.9999999999,0,0,0,0,0,0,0,0,0,0
0,0,0,0,0,0,0,0,0,0,"Workington","Labour","Labour",46109,0,0,0,0,0,0,0,0,0,0,0
0,0,0,0,0,0,0,0,0,0,"Worthing","Conservative","Conservative",0,54924,0,0,0,0,0,0,0,0,0,0
0,0,0,0,0,0,0,0,0,0,"The Wrekin","Labour","Conservative",71710.0000000001,0,0,0,0,0,0,0,0,0,0,0
0,0,0,0,0,0,0,0,0,0,"Wrexham","Labour","Labour",61790.0000000002,0,0,0,0,0,0,0,0,0,0,0
0,0,0,0,0,0,0,0,0,0,"Wycombe","Conservative","Conservative",0,74118.9999999999,0,0,0,0,0,0,0,0,0,0
0,0,0,0,0,0,0,0,0,0,"Yarmouth","Conservative","Conservative",0,55655.9999999999,0,0,0,0,0,0,0,0,0,0
0,0,0,0,0,0,0,0,0,0,"Yeovil","Liberal","Conservative",0,0,65358,0,0,0,0,0,0,0,0,0
0,0,0,0,0,0,0,0,0,0,"York","Labour","Labour",59129.0000000001,0,0,0,0,0,0,0,0,0,0,0
