"UK.Independence.Party","Conservative","Green","Democratic.Unionist.Party","Alliance","Sinn.Fein","Social.Democratic.and.Labour.Party","Ulster.Unionist.Party","Cannabis.is.Safer.than.Alcohol.Party","Traditional.Unionist.Voice","Ind86","Constituency","CV","FPTP","Labour","Plaid.Cymru","Liberal.Democrat","Trade.Unionist.and.Socialist.Coalition","Scottish.National.Party","National.Health.Action.Party","Respect","Speaker","Ind38"
0,0,0,0,100,0,0,0,0,0,0,"Belfast East","Alliance","Democratic.Unionist.Party",0,0,0,0,0,0,0,0,0
0,0,0,84.4720444731995,0,15.5279555268006,0,0,0,0,0,"Belfast North","Democratic.Unionist.Party","Democratic.Unionist.Party",0,0,0,0,0,0,0,0,0
0,0,0,0,49.2923835119425,0,50.7076164880575,0,0,0,0,"Belfast South","Social.Democratic.and.Labour.Party","Social.Democratic.and.Labour.Party",0,0,0,0,0,0,0,0,0
0,0,0,0,0,100,0,0,0,0,0,"Belfast West","Sinn.Fein","Sinn.Fein",0,0,0,0,0,0,0,0,0
45.6714115070889,0,0,42.0314300750089,12.2971584179023,0,0,0,0,0,0,"East Antrim","UK.Independence.Party","Democratic.Unionist.Party",0,0,0,0,0,0,0,0,0
0,0,0,100,0,0,0,0,0,0,0,"East Londonderry","Democratic.Unionist.Party","Democratic.Unionist.Party",0,0,0,0,0,0,0,0,0
0,0,0,0,0,26.682701194322,0,73.317298805678,0,0,0,"Fermanagh and South Tyrone","Ulster.Unionist.Party","Ulster.Unionist.Party",0,0,0,0,0,0,0,0,0
0,0,0,0,0,0,99.9999999999999,0,0,0,0,"Foyle","Social.Democratic.and.Labour.Party","Social.Democratic.and.Labour.Party",0,0,0,0,0,0,0,0,0
0,0,0,99.9999999999999,0,0,0,0,0,0,0,"Lagan Valley","Democratic.Unionist.Party","Democratic.Unionist.Party",0,0,0,0,0,0,0,0,0
0,0,0,0,0,100,0,0,0,0,0,"Mid Ulster","Sinn.Fein","Sinn.Fein",0,0,0,0,0,0,0,0,0
0,0,0,0,0,100,0,0,0,0,0,"Newry and Armagh","Sinn.Fein","Sinn.Fein",0,0,0,0,0,0,0,0,0
0,0,0,56.9810709027417,0,0,0,0,0,43.0189290972583,0,"North Antrim","Democratic.Unionist.Party","Democratic.Unionist.Party",0,0,0,0,0,0,0,0,0
3.98550573740484,24.5067409200052,17.4874675656645,0,0,0,0,0,4.81172873461323,0,49.2085570423123,"North Down","Ind86","Ind86",0,0,0,0,0,0,0,0,0
0,0,0,0,0,0,0,100,0,0,0,"South Antrim","Ulster.Unionist.Party","Ulster.Unionist.Party",0,0,0,0,0,0,0,0,0
0,0,0,0,0,0,100,0,0,0,0,"South Down","Social.Democratic.and.Labour.Party","Social.Democratic.and.Labour.Party",0,0,0,0,0,0,0,0,0
0,0,0,100,0,0,0,0,0,0,0,"Strangford","Democratic.Unionist.Party","Democratic.Unionist.Party",0,0,0,0,0,0,0,0,0
0,0,0,0,0,0,0,100,0,0,0,"Upper Bann","Ulster.Unionist.Party","Democratic.Unionist.Party",0,0,0,0,0,0,0,0,0
0,0,0,0,0,100,0,0,0,0,0,"West Tyrone","Sinn.Fein","Sinn.Fein",0,0,0,0,0,0,0,0,0
0,0,0,0,0,0,0,0,0,0,0,"Aberavon","Labour","Labour",99.9999999999998,0,0,0,0,0,0,0,0
100,0,0,0,0,0,0,0,0,0,0,"Aberconwy","UK.Independence.Party","Conservative",0,0,0,0,0,0,0,0,0
0,0,0,0,0,0,0,0,0,0,0,"Aberdeen North","Scottish.National.Party","Scottish.National.Party",0,0,0,0,100,0,0,0,0
0,0,100,0,0,0,0,0,0,0,0,"Aberdeen South","Green","Scottish.National.Party",0,0,0,0,0,0,0,0,0
0,0,0,0,0,0,0,0,0,0,0,"Airdrie and Shotts","Scottish.National.Party","Scottish.National.Party",0,0,0,0,100,0,0,0,0
0,100,0,0,0,0,0,0,0,0,0,"Aldershot","Conservative","Conservative",0,0,0,0,0,0,0,0,0
0,99.9999999999998,0,0,0,0,0,0,0,0,0,"Aldridge-Brownhills","Conservative","Conservative",0,0,0,0,0,0,0,0,0
0,100,0,0,0,0,0,0,0,0,0,"Altrincham and Sale West","Conservative","Conservative",0,0,0,0,0,0,0,0,0
99.9999999999998,0,0,0,0,0,0,0,0,0,0,"Alyn and Deeside","UK.Independence.Party","Labour",0,0,0,0,0,0,0,0,0
100,0,0,0,0,0,0,0,0,0,0,"Amber Valley","UK.Independence.Party","Conservative",0,0,0,0,0,0,0,0,0
0,0,0,0,0,0,0,0,0,0,0,"Angus","Scottish.National.Party","Scottish.National.Party",0,0,0,0,100,0,0,0,0
0,0,0,0,0,0,0,0,0,0,0,"Arfon","Plaid.Cymru","Plaid.Cymru",0,100,0,0,0,0,0,0,0
0,0,0,0,0,0,0,0,0,0,0,"Argyll and Bute","Liberal.Democrat","Scottish.National.Party",0,0,99.9999999999998,0,0,0,0,0,0
0,99.9999999999997,0,0,0,0,0,0,0,0,0,"Arundel and South Downs","Conservative","Conservative",0,0,0,0,0,0,0,0,0
100,0,0,0,0,0,0,0,0,0,0,"Ashfield","UK.Independence.Party","Labour",0,0,0,0,0,0,0,0,0
0,100,0,0,0,0,0,0,0,0,0,"Ashford","Conservative","Conservative",0,0,0,0,0,0,0,0,0
0,0,0,0,0,0,0,0,0,0,0,"Ashton-under-Lyne","Labour","Labour",100,0,0,0,0,0,0,0,0
0,100,0,0,0,0,0,0,0,0,0,"Aylesbury","Conservative","Conservative",0,0,0,0,0,0,0,0,0
0,0,0,0,0,0,0,0,0,0,0,"Ayr, Carrick and Cumnock","Scottish.National.Party","Scottish.National.Party",0,0,0,0,100,0,0,0,0
0,100,0,0,0,0,0,0,0,0,0,"Banbury","Conservative","Conservative",0,0,0,0,0,0,0,0,0
0,0,0,0,0,0,0,0,0,0,0,"Banff and Buchan","Scottish.National.Party","Scottish.National.Party",0,0,0,0,99.9999999999999,0,0,0,0
0,0,0,0,0,0,0,0,0,0,0,"Barking","Labour","Labour",99.9999999999998,0,0,0,0,0,0,0,0
0,0,0,0,0,0,0,0,0,0,0,"Barnsley Central","Labour","Labour",99.9999999999995,0,0,0,0,0,0,0,0
0,0,0,0,0,0,0,0,0,0,0,"Barnsley East","Labour","Labour",100,0,0,0,0,0,0,0,0
0,0,0,0,0,0,0,0,0,0,0,"Barrow and Furness","Labour","Labour",100,0,0,0,0,0,0,0,0
0,99.9999999999999,0,0,0,0,0,0,0,0,0,"Basildon and Billericay","Conservative","Conservative",0,0,0,0,0,0,0,0,0
0,100,0,0,0,0,0,0,0,0,0,"Basingstoke","Conservative","Conservative",0,0,0,0,0,0,0,0,0
0,0,0,0,0,0,0,0,0,0,0,"Bassetlaw","Labour","Labour",100,0,0,0,0,0,0,0,0
0,0,0,0,0,0,0,0,0,0,0,"Bath","Liberal.Democrat","Conservative",0,0,99.9999999999995,0,0,0,0,0,0
0,0,0,0,0,0,0,0,0,0,0,"Batley and Spen","Labour","Labour",100,0,0,0,0,0,0,0,0
0,100,0,0,0,0,0,0,0,0,0,"Battersea","Conservative","Conservative",0,0,0,0,0,0,0,0,0
0,100,0,0,0,0,0,0,0,0,0,"Beaconsfield","Conservative","Conservative",0,0,0,0,0,0,0,0,0
0,99.9999999999998,0,0,0,0,0,0,0,0,0,"Beckenham","Conservative","Conservative",0,0,0,0,0,0,0,0,0
0,0,0,0,0,0,0,0,0,0,0,"Bedford","Labour","Conservative",99.9999999999998,0,0,0,0,0,0,0,0
0,0,0,0,0,0,0,0,0,0,0,"Bermondsey and Old Southwark","Liberal.Democrat","Labour",0,0,99.9999999999996,0,0,0,0,0,0
0,0,0,0,0,0,0,0,0,0,0,"Berwickshire, Roxburgh and Selkirk","Liberal.Democrat","Scottish.National.Party",0,0,100,0,0,0,0,0,0
0,0,0,0,0,0,0,0,0,0,0,"Berwick-upon-Tweed","Liberal.Democrat","Conservative",0,0,99.9999999999998,0,0,0,0,0,0
0,0,0,0,0,0,0,0,0,0,0,"Bethnal Green and Bow","Labour","Labour",100,0,0,0,0,0,0,0,0
0,100,0,0,0,0,0,0,0,0,0,"Beverley and Holderness","Conservative","Conservative",0,0,0,0,0,0,0,0,0
0,100,0,0,0,0,0,0,0,0,0,"Bexhill and Battle","Conservative","Conservative",0,0,0,0,0,0,0,0,0
99.9999999999998,0,0,0,0,0,0,0,0,0,0,"Bexleyheath and Crayford","UK.Independence.Party","Conservative",0,0,0,0,0,0,0,0,0
0,0,0,0,0,0,0,0,0,0,0,"Birkenhead","Labour","Labour",99.9999999999999,0,0,0,0,0,0,0,0
0,0,0,0,0,0,0,0,0,0,0,"Birmingham, Edgbaston","Labour","Labour",100,0,0,0,0,0,0,0,0
0,0,0,0,0,0,0,0,0,0,0,"Birmingham, Erdington","Labour","Labour",99.9999999999999,0,0,0,0,0,0,0,0
0,0,0,0,0,0,0,0,0,0,0,"Birmingham, Hall Green","Labour","Labour",99.9999999999999,0,0,0,0,0,0,0,0
0,0,0,0,0,0,0,0,0,0,0,"Birmingham, Hodge Hill","Labour","Labour",100,0,0,0,0,0,0,0,0
0,0,0,0,0,0,0,0,0,0,0,"Birmingham, Ladywood","Labour","Labour",100,0,0,0,0,0,0,0,0
0,0,0,0,0,0,0,0,0,0,0,"Birmingham, Northfield","Labour","Labour",100,0,0,0,0,0,0,0,0
0,0,0,0,0,0,0,0,0,0,0,"Birmingham, Perry Barr","Labour","Labour",100,0,0,0,0,0,0,0,0
0,0,0,0,0,0,0,0,0,0,0,"Birmingham, Selly Oak","Labour","Labour",100,0,0,0,0,0,0,0,0
0,0,0,0,0,0,0,0,0,0,0,"Birmingham, Yardley","Liberal.Democrat","Labour",0,0,99.9999999999999,0,0,0,0,0,0
99.9999999999999,0,0,0,0,0,0,0,0,0,0,"Bishop Auckland","UK.Independence.Party","Labour",0,0,0,0,0,0,0,0,0
0,0,0,0,0,0,0,0,0,0,0,"Blackburn","Labour","Labour",100,0,0,0,0,0,0,0,0
0,0,0,0,0,0,0,0,0,0,0,"Blackley and Broughton","Labour","Labour",100,0,0,0,0,0,0,0,0
99.9999999999998,0,0,0,0,0,0,0,0,0,0,"Blackpool North and Cleveleys","UK.Independence.Party","Conservative",0,0,0,0,0,0,0,0,0
0,0,0,0,0,0,0,0,0,0,0,"Blackpool South","Labour","Labour",100,0,0,0,0,0,0,0,0
0,0,0,0,0,0,0,0,0,0,0,"Blaenau Gwent","Labour","Labour",99.9999999999999,0,0,0,0,0,0,0,0
0,0,0,0,0,0,0,0,0,0,0,"Blaydon","Labour","Labour",100,0,0,0,0,0,0,0,0
99.9999999999999,0,0,0,0,0,0,0,0,0,0,"Blyth Valley","UK.Independence.Party","Labour",0,0,0,0,0,0,0,0,0
100,0,0,0,0,0,0,0,0,0,0,"Bognor Regis and Littlehampton","UK.Independence.Party","Conservative",0,0,0,0,0,0,0,0,0
0,0,0,0,0,0,0,0,0,0,0,"Bolsover","Labour","Labour",99.9999999999998,0,0,0,0,0,0,0,0
0,0,0,0,0,0,0,0,0,0,0,"Bolton North East","Labour","Labour",100,0,0,0,0,0,0,0,0
0,0,0,0,0,0,0,0,0,0,0,"Bolton South East","Labour","Labour",99.9999999999997,0,0,0,0,0,0,0,0
100,0,0,0,0,0,0,0,0,0,0,"Bolton West","UK.Independence.Party","Conservative",0,0,0,0,0,0,0,0,0
0,0,0,0,0,0,0,0,0,0,0,"Bootle","Labour","Labour",100,0,0,0,0,0,0,0,0
99.9999999999999,0,0,0,0,0,0,0,0,0,0,"Boston and Skegness","UK.Independence.Party","Conservative",0,0,0,0,0,0,0,0,0
99.9999999999998,0,0,0,0,0,0,0,0,0,0,"Bosworth","UK.Independence.Party","Conservative",0,0,0,0,0,0,0,0,0
0,99.9999999999998,0,0,0,0,0,0,0,0,0,"Bournemouth East","Conservative","Conservative",0,0,0,0,0,0,0,0,0
100,0,0,0,0,0,0,0,0,0,0,"Bournemouth West","UK.Independence.Party","Conservative",0,0,0,0,0,0,0,0,0
0,99.9999999999997,0,0,0,0,0,0,0,0,0,"Bracknell","Conservative","Conservative",0,0,0,0,0,0,0,0,0
0,0,0,0,0,0,0,0,0,0,0,"Bradford East","Labour","Labour",100,0,0,0,0,0,0,0,0
99.9999999999999,0,0,0,0,0,0,0,0,0,0,"Bradford South","UK.Independence.Party","Labour",0,0,0,0,0,0,0,0,0
0,0,0,0,0,0,0,0,0,0,0,"Bradford West","Labour","Labour",75.4730113562156,0,0,0,0,0,24.5269886437843,0,0
0,99.9999999999996,0,0,0,0,0,0,0,0,0,"Braintree","Conservative","Conservative",0,0,0,0,0,0,0,0,0
0,0,0,0,0,0,0,0,0,0,0,"Brecon and Radnorshire","Liberal.Democrat","Conservative",0,0,100,0,0,0,0,0,0
0,0,0,0,0,0,0,0,0,0,0,"Brent Central","Labour","Labour",100,0,0,0,0,0,0,0,0
0,0,0,0,0,0,0,0,0,0,0,"Brent North","Labour","Labour",100,0,0,0,0,0,0,0,0
0,0,0,0,0,0,0,0,0,0,0,"Brentford and Isleworth","Labour","Labour",99.9999999999998,0,0,0,0,0,0,0,0
0,99.9999999999998,0,0,0,0,0,0,0,0,0,"Brentwood and Ongar","Conservative","Conservative",0,0,0,0,0,0,0,0,0
99.9999999999998,0,0,0,0,0,0,0,0,0,0,"Bridgend","UK.Independence.Party","Labour",0,0,0,0,0,0,0,0,0
99.9999999999999,0,0,0,0,0,0,0,0,0,0,"Bridgwater and West Somerset","UK.Independence.Party","Conservative",0,0,0,0,0,0,0,0,0
0,99.9999999999996,0,0,0,0,0,0,0,0,0,"Brigg and Goole","Conservative","Conservative",0,0,0,0,0,0,0,0,0
0,0,47.4220938844887,0,0,0,0,0,0,0,0,"Brighton, Kemptown","Labour","Conservative",52.5779061155113,0,0,0,0,0,0,0,0
0,0,100,0,0,0,0,0,0,0,0,"Brighton, Pavilion","Green","Green",0,0,0,0,0,0,0,0,0
0,0,100,0,0,0,0,0,0,0,0,"Bristol East","Green","Labour",0,0,0,0,0,0,0,0,0
0,0,100,0,0,0,0,0,0,0,0,"Bristol North West","Green","Conservative",0,0,0,0,0,0,0,0,0
0,0,100,0,0,0,0,0,0,0,0,"Bristol South","Green","Labour",0,0,0,0,0,0,0,0,0
0,0,100,0,0,0,0,0,0,0,0,"Bristol West","Green","Labour",0,0,0,0,0,0,0,0,0
0,99.9999999999999,0,0,0,0,0,0,0,0,0,"Broadland","Conservative","Conservative",0,0,0,0,0,0,0,0,0
0,100,0,0,0,0,0,0,0,0,0,"Bromley and Chislehurst","Conservative","Conservative",0,0,0,0,0,0,0,0,0
0,99.9999999999995,0,0,0,0,0,0,0,0,0,"Bromsgrove","Conservative","Conservative",0,0,0,0,0,0,0,0,0
0,100,0,0,0,0,0,0,0,0,0,"Broxbourne","Conservative","Conservative",0,0,0,0,0,0,0,0,0
0,99.9999999999997,0,0,0,0,0,0,0,0,0,"Broxtowe","Conservative","Conservative",0,0,0,0,0,0,0,0,0
0,0,35.5267078894436,0,0,0,0,0,0,0,0,"Buckingham","Speaker","Speaker",0,0,0,0,0,0,0,64.4732921105565,0
0,0,0,0,0,0,0,0,0,0,0,"Burnley","Liberal.Democrat","Labour",0,0,100,0,0,0,0,0,0
0,100,0,0,0,0,0,0,0,0,0,"Burton","Conservative","Conservative",0,0,0,0,0,0,0,0,0
0,0,0,0,0,0,0,0,0,0,0,"Bury North","Labour","Conservative",99.9999999999997,0,0,0,0,0,0,0,0
0,0,0,0,0,0,0,0,0,0,0,"Bury South","Labour","Labour",100,0,0,0,0,0,0,0,0
0,100,0,0,0,0,0,0,0,0,0,"Bury St Edmunds","Conservative","Conservative",0,0,0,0,0,0,0,0,0
0,0,0,0,0,0,0,0,0,0,0,"Caerphilly","Labour","Labour",99.9999999999998,0,0,0,0,0,0,0,0
0,0,0,0,0,0,0,0,0,0,0,"Caithness, Sutherland and Easter Ross","Liberal.Democrat","Scottish.National.Party",0,0,100,0,0,0,0,0,0
0,99.9999999999997,0,0,0,0,0,0,0,0,0,"Calder Valley","Conservative","Conservative",0,0,0,0,0,0,0,0,0
0,0,0,0,0,0,0,0,0,0,0,"Camberwell and Peckham","Labour","Labour",99.9999999999996,0,0,0,0,0,0,0,0
99.9999999999999,0,0,0,0,0,0,0,0,0,0,"Camborne and Redruth","UK.Independence.Party","Conservative",0,0,0,0,0,0,0,0,0
0,0,0,0,0,0,0,0,0,0,0,"Cambridge","Liberal.Democrat","Labour",0,0,99.9999999999997,0,0,0,0,0,0
99.9999999999999,0,0,0,0,0,0,0,0,0,0,"Cannock Chase","UK.Independence.Party","Conservative",0,0,0,0,0,0,0,0,0
0,0,99.9999999999998,0,0,0,0,0,0,0,0,"Canterbury","Green","Conservative",0,0,0,0,0,0,0,0,0
0,0,0,0,0,0,0,0,0,0,0,"Cardiff Central","Liberal.Democrat","Labour",0,0,99.9999999999995,0,0,0,0,0,0
0,0,0,0,0,0,0,0,0,0,0,"Cardiff North","Labour","Conservative",100,0,0,0,0,0,0,0,0
0,0,0,0,0,0,0,0,0,0,0,"Cardiff South and Penarth","Labour","Labour",99.9999999999997,0,0,0,0,0,0,0,0
0,0,0,0,0,0,0,0,0,0,0,"Cardiff West","Labour","Labour",99.9999999999999,0,0,0,0,0,0,0,0
0,100,0,0,0,0,0,0,0,0,0,"Carlisle","Conservative","Conservative",0,0,0,0,0,0,0,0,0
0,0,0,0,0,0,0,0,0,0,0,"Carmarthen East and Dinefwr","Plaid.Cymru","Plaid.Cymru",0,100,0,0,0,0,0,0,0
0,99.9999999999999,0,0,0,0,0,0,0,0,0,"Carmarthen West and South Pembrokeshire","Conservative","Conservative",0,0,0,0,0,0,0,0,0
0,0,0,0,0,0,0,0,0,0,0,"Carshalton and Wallington","Liberal.Democrat","Liberal.Democrat",0,0,99.9999999999999,0,0,0,0,0,0
99.9999999999999,0,0,0,0,0,0,0,0,0,0,"Castle Point","UK.Independence.Party","Conservative",0,0,0,0,0,0,0,0,0
0,0,0,0,0,0,0,0,0,0,0,"Central Ayrshire","Scottish.National.Party","Scottish.National.Party",0,0,0,0,100,0,0,0,0
0,99.9999999999999,0,0,0,0,0,0,0,0,0,"Central Devon","Conservative","Conservative",0,0,0,0,0,0,0,0,0
0,100,0,0,0,0,0,0,0,0,0,"Central Suffolk and North Ipswich","Conservative","Conservative",0,0,0,0,0,0,0,0,0
0,0,0,0,0,0,0,0,0,0,0,"Ceredigion","Liberal.Democrat","Liberal.Democrat",0,0,100,0,0,0,0,0,0
0,99.9999999999997,0,0,0,0,0,0,0,0,0,"Charnwood","Conservative","Conservative",0,0,0,0,0,0,0,0,0
0,99.9999999999999,0,0,0,0,0,0,0,0,0,"Chatham and Aylesford","Conservative","Conservative",0,0,0,0,0,0,0,0,0
0,0,0,0,0,0,0,0,0,0,0,"Cheadle","Liberal.Democrat","Conservative",0,0,99.9999999999999,0,0,0,0,0,0
0,99.9999999999999,0,0,0,0,0,0,0,0,0,"Chelmsford","Conservative","Conservative",0,0,0,0,0,0,0,0,0
0,99.9999999999997,0,0,0,0,0,0,0,0,0,"Chelsea and Fulham","Conservative","Conservative",0,0,0,0,0,0,0,0,0
0,0,0,0,0,0,0,0,0,0,0,"Cheltenham","Liberal.Democrat","Conservative",0,0,100,0,0,0,0,0,0
0,100,0,0,0,0,0,0,0,0,0,"Chesham and Amersham","Conservative","Conservative",0,0,0,0,0,0,0,0,0
0,0,0,0,0,0,0,0,0,0,0,"Chesterfield","Labour","Labour",99.9999999999999,0,0,0,0,0,0,0,0
0,100,0,0,0,0,0,0,0,0,0,"Chichester","Conservative","Conservative",0,0,0,0,0,0,0,0,0
0,99.9999999999997,0,0,0,0,0,0,0,0,0,"Chingford and Woodford Green","Conservative","Conservative",0,0,0,0,0,0,0,0,0
0,0,0,0,0,0,0,0,0,0,0,"Chippenham","Liberal.Democrat","Conservative",0,0,100,0,0,0,0,0,0
0,100,0,0,0,0,0,0,0,0,0,"Chipping Barnet","Conservative","Conservative",0,0,0,0,0,0,0,0,0
0,0,0,0,0,0,0,0,0,0,0,"Chorley","Labour","Labour",99.9999999999998,0,0,0,0,0,0,0,0
0,99.9999999999998,0,0,0,0,0,0,0,0,0,"Christchurch","Conservative","Conservative",0,0,0,0,0,0,0,0,0
0,100,0,0,0,0,0,0,0,0,0,"Cities of London and Westminster","Conservative","Conservative",0,0,0,0,0,0,0,0,0
0,0,0,0,0,0,0,0,0,0,0,"City of Chester","Labour","Labour",99.9999999999999,0,0,0,0,0,0,0,0
0,0,0,0,0,0,0,0,0,0,0,"City of Durham","Labour","Labour",100,0,0,0,0,0,0,0,0
100,0,0,0,0,0,0,0,0,0,0,"Clacton","UK.Independence.Party","UK.Independence.Party",0,0,0,0,0,0,0,0,0
99.9999999999999,0,0,0,0,0,0,0,0,0,0,"Cleethorpes","UK.Independence.Party","Conservative",0,0,0,0,0,0,0,0,0
100,0,0,0,0,0,0,0,0,0,0,"Clwyd South","UK.Independence.Party","Labour",0,0,0,0,0,0,0,0,0
0,99.9999999999996,0,0,0,0,0,0,0,0,0,"Clwyd West","Conservative","Conservative",0,0,0,0,0,0,0,0,0
0,0,0,0,0,0,0,0,0,0,0,"Coatbridge, Chryston and Bellshill","Scottish.National.Party","Scottish.National.Party",0,0,0,0,100,0,0,0,0
0,0,0,0,0,0,0,0,0,0,0,"Colchester","Liberal.Democrat","Conservative",0,0,99.9999999999998,0,0,0,0,0,0
0,99.9999999999998,0,0,0,0,0,0,0,0,0,"Colne Valley","Conservative","Conservative",0,0,0,0,0,0,0,0,0
0,99.9999999999999,0,0,0,0,0,0,0,0,0,"Congleton","Conservative","Conservative",0,0,0,0,0,0,0,0,0
0,0,0,0,0,0,0,0,0,0,0,"Copeland","Labour","Labour",100,0,0,0,0,0,0,0,0
0,0,0,0,0,0,0,0,0,0,0,"Corby","Labour","Conservative",99.9999999999999,0,0,0,0,0,0,0,0
0,0,0,0,0,0,0,0,0,0,0,"Coventry North East","Labour","Labour",99.9999999999998,0,0,0,0,0,0,0,0
0,0,0,0,0,0,0,0,0,0,0,"Coventry North West","Labour","Labour",100,0,0,0,0,0,0,0,0
0,0,0,0,0,0,0,0,0,0,0,"Coventry South","Labour","Labour",99.9999999999998,0,0,0,0,0,0,0,0
0,100,0,0,0,0,0,0,0,0,0,"Crawley","Conservative","Conservative",0,0,0,0,0,0,0,0,0
0,99.9999999999999,0,0,0,0,0,0,0,0,0,"Crewe and Nantwich","Conservative","Conservative",0,0,0,0,0,0,0,0,0
0,0,0,0,0,0,0,0,0,0,0,"Croydon Central","Labour","Conservative",100,0,0,0,0,0,0,0,0
0,0,0,0,0,0,0,0,0,0,0,"Croydon North","Labour","Labour",100,0,0,0,0,0,0,0,0
0,100,0,0,0,0,0,0,0,0,0,"Croydon South","Conservative","Conservative",0,0,0,0,0,0,0,0,0
0,0,0,0,0,0,0,0,0,0,0,"Cumbernauld, Kilsyth and Kirkintilloch East","Scottish.National.Party","Scottish.National.Party",0,0,0,0,100,0,0,0,0
0,0,0,0,0,0,0,0,0,0,0,"Cynon Valley","Labour","Labour",100,0,0,0,0,0,0,0,0
100,0,0,0,0,0,0,0,0,0,0,"Dagenham and Rainham","UK.Independence.Party","Labour",0,0,0,0,0,0,0,0,0
0,0,0,0,0,0,0,0,0,0,0,"Darlington","Labour","Labour",100,0,0,0,0,0,0,0,0
100,0,0,0,0,0,0,0,0,0,0,"Dartford","UK.Independence.Party","Conservative",0,0,0,0,0,0,0,0,0
0,100,0,0,0,0,0,0,0,0,0,"Daventry","Conservative","Conservative",0,0,0,0,0,0,0,0,0
0,0,0,0,0,0,0,0,0,0,0,"Delyn","Labour","Labour",100,0,0,0,0,0,0,0,0
0,0,0,0,0,0,0,0,0,0,0,"Denton and Reddish","Labour","Labour",100,0,0,0,0,0,0,0,0
99.9999999999999,0,0,0,0,0,0,0,0,0,0,"Derby North","UK.Independence.Party","Conservative",0,0,0,0,0,0,0,0,0
0,0,0,0,0,0,0,0,0,0,0,"Derby South","Labour","Labour",100,0,0,0,0,0,0,0,0
0,100,0,0,0,0,0,0,0,0,0,"Derbyshire Dales","Conservative","Conservative",0,0,0,0,0,0,0,0,0
0,100,0,0,0,0,0,0,0,0,0,"Devizes","Conservative","Conservative",0,0,0,0,0,0,0,0,0
0,0,0,0,0,0,0,0,0,0,0,"Dewsbury","Labour","Labour",100,0,0,0,0,0,0,0,0
99.9999999999997,0,0,0,0,0,0,0,0,0,0,"Don Valley","UK.Independence.Party","Labour",0,0,0,0,0,0,0,0,0
0,0,0,0,0,0,0,0,0,0,0,"Doncaster Central","Labour","Labour",100,0,0,0,0,0,0,0,0
0,0,0,0,0,0,0,0,0,0,0,"Doncaster North","Labour","Labour",99.9999999999998,0,0,0,0,0,0,0,0
99.9999999999997,0,0,0,0,0,0,0,0,0,0,"Dover","UK.Independence.Party","Conservative",0,0,0,0,0,0,0,0,0
99.9999999999998,0,0,0,0,0,0,0,0,0,0,"Dudley North","UK.Independence.Party","Labour",0,0,0,0,0,0,0,0,0
99.9999999999998,0,0,0,0,0,0,0,0,0,0,"Dudley South","UK.Independence.Party","Conservative",0,0,0,0,0,0,0,0,0
0,0,0,0,0,0,0,0,0,0,0,"Dulwich and West Norwood","Labour","Labour",99.9999999999998,0,0,0,0,0,0,0,0
100,0,0,0,0,0,0,0,0,0,0,"Dumfries and Galloway","UK.Independence.Party","Scottish.National.Party",0,0,0,0,0,0,0,0,0
0,0,100,0,0,0,0,0,0,0,0,"Dumfriesshire, Clydesdale and Tweeddale","Green","Conservative",0,0,0,0,0,0,0,0,0
0,0,0,0,0,0,0,0,0,0,0,"Dundee East","Scottish.National.Party","Scottish.National.Party",0,0,0,0,99.9999999999999,0,0,0,0
0,0,0,0,0,0,0,0,0,0,0,"Dundee West","Scottish.National.Party","Scottish.National.Party",0,0,0,0,100,0,0,0,0
0,0,99.9999999999999,0,0,0,0,0,0,0,0,"Dunfermline and West Fife","Green","Scottish.National.Party",0,0,0,0,0,0,0,0,0
0,0,0,0,0,0,0,0,0,0,0,"Dwyfor Meirionnydd","Plaid.Cymru","Plaid.Cymru",0,100,0,0,0,0,0,0,0
0,0,0,0,0,0,0,0,0,0,0,"Ealing Central and Acton","Labour","Labour",99.9999999999997,0,0,0,0,0,0,0,0
0,0,0,0,0,0,0,0,0,0,0,"Ealing North","Labour","Labour",99.9999999999997,0,0,0,0,0,0,0,0
0,0,0,0,0,0,0,0,0,0,0,"Ealing, Southall","Labour","Labour",100,0,0,0,0,0,0,0,0
0,0,0,0,0,0,0,0,0,0,0,"Easington","Labour","Labour",100,0,0,0,0,0,0,0,0
0,75.9855255222325,0,0,0,0,0,0,0,0,0,"East Devon","Conservative","Conservative",0,0,0,0,0,0,0,0,24.0144744777675
0,0,0,0,0,0,0,0,0,0,0,"East Dunbartonshire","Liberal.Democrat","Scottish.National.Party",0,0,100,0,0,0,0,0,0
0,0,0,0,0,0,0,0,0,0,0,"East Ham","Labour","Labour",100,0,0,0,0,0,0,0,0
0,100,0,0,0,0,0,0,0,0,0,"East Hampshire","Conservative","Conservative",0,0,0,0,0,0,0,0,0
0,0,0,0,0,0,0,0,0,0,0,"East Kilbride, Strathaven and Lesmahagow","Scottish.National.Party","Scottish.National.Party",0,0,0,0,100,0,0,0,0
0,0,99.9999999999999,0,0,0,0,0,0,0,0,"East Lothian","Green","Scottish.National.Party",0,0,0,0,0,0,0,0,0
0,0,0,0,0,0,0,0,0,0,0,"East Renfrewshire","Labour","Scottish.National.Party",99.9999999999998,0,0,0,0,0,0,0,0
0,100,0,0,0,0,0,0,0,0,0,"East Surrey","Conservative","Conservative",0,0,0,0,0,0,0,0,0
0,99.9999999999999,0,0,0,0,0,0,0,0,0,"East Worthing and Shoreham","Conservative","Conservative",0,0,0,0,0,0,0,0,0
0,99.9999999999997,0,0,0,0,0,0,0,0,0,"East Yorkshire","Conservative","Conservative",0,0,0,0,0,0,0,0,0
0,0,0,0,0,0,0,0,0,0,0,"Eastbourne","Liberal.Democrat","Conservative",0,0,100,0,0,0,0,0,0
0,0,0,0,0,0,0,0,0,0,0,"Eastleigh","Liberal.Democrat","Conservative",0,0,99.9999999999999,0,0,0,0,0,0
0,100,0,0,0,0,0,0,0,0,0,"Eddisbury","Conservative","Conservative",0,0,0,0,0,0,0,0,0
0,0,100,0,0,0,0,0,0,0,0,"Edinburgh East","Green","Scottish.National.Party",0,0,0,0,0,0,0,0,0
0,0,99.9999999999998,0,0,0,0,0,0,0,0,"Edinburgh North and Leith","Green","Scottish.National.Party",0,0,0,0,0,0,0,0,0
0,0,0,0,0,0,0,0,0,0,0,"Edinburgh South","Labour","Labour",100,0,0,0,0,0,0,0,0
0,0,99.9999999999998,0,0,0,0,0,0,0,0,"Edinburgh South West","Green","Scottish.National.Party",0,0,0,0,0,0,0,0,0
0,0,0,0,0,0,0,0,0,0,0,"Edinburgh West","Liberal.Democrat","Scottish.National.Party",0,0,99.9999999999997,0,0,0,0,0,0
0,0,0,0,0,0,0,0,0,0,0,"Edmonton","Labour","Labour",99.9999999999998,0,0,0,0,0,0,0,0
0,0,0,0,0,0,0,0,0,0,0,"Ellesmere Port and Neston","Labour","Labour",100,0,0,0,0,0,0,0,0
0,99.9999999999998,0,0,0,0,0,0,0,0,0,"Elmet and Rothwell","Conservative","Conservative",0,0,0,0,0,0,0,0,0
0,0,0,0,0,0,0,0,0,0,0,"Eltham","Labour","Labour",100,0,0,0,0,0,0,0,0
0,0,0,0,0,0,0,0,0,0,0,"Enfield North","Labour","Labour",100,0,0,0,0,0,0,0,0
0,99.9999999999997,0,0,0,0,0,0,0,0,0,"Enfield, Southgate","Conservative","Conservative",0,0,0,0,0,0,0,0,0
0,100,0,0,0,0,0,0,0,0,0,"Epping Forest","Conservative","Conservative",0,0,0,0,0,0,0,0,0
0,99.9999999999999,0,0,0,0,0,0,0,0,0,"Epsom and Ewell","Conservative","Conservative",0,0,0,0,0,0,0,0,0
100,0,0,0,0,0,0,0,0,0,0,"Erewash","UK.Independence.Party","Conservative",0,0,0,0,0,0,0,0,0
0,0,0,0,0,0,0,0,0,0,0,"Erith and Thamesmead","Labour","Labour",100,0,0,0,0,0,0,0,0
0,99.9999999999999,0,0,0,0,0,0,0,0,0,"Esher and Walton","Conservative","Conservative",0,0,0,0,0,0,0,0,0
0,0,0,0,0,0,0,0,0,0,0,"Exeter","Labour","Labour",99.9999999999998,0,0,0,0,0,0,0,0
0,0,0,0,0,0,0,0,0,0,0,"Falkirk","Scottish.National.Party","Scottish.National.Party",0,0,0,0,99.9999999999998,0,0,0,0
0,99.9999999999997,0,0,0,0,0,0,0,0,0,"Fareham","Conservative","Conservative",0,0,0,0,0,0,0,0,0
0,100,0,0,0,0,0,0,0,0,0,"Faversham and Mid Kent","Conservative","Conservative",0,0,0,0,0,0,0,0,0
0,0,0,0,0,0,0,0,0,0,0,"Feltham and Heston","Labour","Labour",99.9999999999999,0,0,0,0,0,0,0,0
0,100,0,0,0,0,0,0,0,0,0,"Filton and Bradley Stoke","Conservative","Conservative",0,0,0,0,0,0,0,0,0
0,100,0,0,0,0,0,0,0,0,0,"Finchley and Golders Green","Conservative","Conservative",0,0,0,0,0,0,0,0,0
99.9999999999999,0,0,0,0,0,0,0,0,0,0,"Folkestone and Hythe","UK.Independence.Party","Conservative",0,0,0,0,0,0,0,0,0
99.9999999999997,0,0,0,0,0,0,0,0,0,0,"Forest of Dean","UK.Independence.Party","Conservative",0,0,0,0,0,0,0,0,0
0,100,0,0,0,0,0,0,0,0,0,"Fylde","Conservative","Conservative",0,0,0,0,0,0,0,0,0
0,100,0,0,0,0,0,0,0,0,0,"Gainsborough","Conservative","Conservative",0,0,0,0,0,0,0,0,0
0,0,0,0,0,0,0,0,0,0,0,"Garston and Halewood","Labour","Labour",100,0,0,0,0,0,0,0,0
0,0,0,0,0,0,0,0,0,0,0,"Gateshead","Labour","Labour",100,0,0,0,0,0,0,0,0
0,0,0,0,0,0,0,0,0,0,0,"Gedling","Labour","Labour",99.9999999999999,0,0,0,0,0,0,0,0
100,0,0,0,0,0,0,0,0,0,0,"Gillingham and Rainham","UK.Independence.Party","Conservative",0,0,0,0,0,0,0,0,0
0,0,99.9999999999999,0,0,0,0,0,0,0,0,"Glasgow Central","Green","Scottish.National.Party",0,0,0,0,0,0,0,0,0
0,0,0,0,0,0,0,0,0,0,0,"Glasgow East","Scottish.National.Party","Scottish.National.Party",0,0,0,0,99.9999999999999,0,0,0,0
0,0,99.9999999999999,0,0,0,0,0,0,0,0,"Glasgow North","Green","Scottish.National.Party",0,0,0,0,0,0,0,0,0
0,0,0,0,0,0,0,0,0,0,0,"Glasgow North East","Scottish.National.Party","Scottish.National.Party",0,0,0,0,100,0,0,0,0
0,0,0,0,0,0,0,0,0,0,0,"Glasgow North West","Scottish.National.Party","Scottish.National.Party",0,0,0,0,100,0,0,0,0
0,0,0,0,0,0,0,0,0,0,0,"Glasgow South","Scottish.National.Party","Scottish.National.Party",0,0,0,0,99.9999999999998,0,0,0,0
0,0,0,0,0,0,0,0,0,0,0,"Glasgow South West","Scottish.National.Party","Scottish.National.Party",0,0,0,0,100,0,0,0,0
0,0,0,0,0,0,0,0,0,0,0,"Glenrothes","Scottish.National.Party","Scottish.National.Party",0,0,0,0,100,0,0,0,0
0,99.9999999999997,0,0,0,0,0,0,0,0,0,"Gloucester","Conservative","Conservative",0,0,0,0,0,0,0,0,0
0,0,0,0,0,0,0,0,0,0,0,"Gordon","Liberal.Democrat","Scottish.National.Party",0,0,100,0,0,0,0,0,0
0,100.000000000001,0,0,0,0,0,0,0,0,0,"Gosport","Conservative","Conservative",0,0,0,0,0,0,0,0,0
0,0,0,0,0,0,0,0,0,0,0,"Gower","Labour","Conservative",99.9999999999999,0,0,0,0,0,0,0,0
0,99.9999999999999,0,0,0,0,0,0,0,0,0,"Grantham and Stamford","Conservative","Conservative",0,0,0,0,0,0,0,0,0
99.9999999999999,0,0,0,0,0,0,0,0,0,0,"Gravesham","UK.Independence.Party","Conservative",0,0,0,0,0,0,0,0,0
99.9999999999996,0,0,0,0,0,0,0,0,0,0,"Great Grimsby","UK.Independence.Party","Labour",0,0,0,0,0,0,0,0,0
100,0,0,0,0,0,0,0,0,0,0,"Great Yarmouth","UK.Independence.Party","Conservative",0,0,0,0,0,0,0,0,0
0,0,0,0,0,0,0,0,0,0,0,"Greenwich and Woolwich","Labour","Labour",99.9999999999998,0,0,0,0,0,0,0,0
0,100,0,0,0,0,0,0,0,0,0,"Guildford","Conservative","Conservative",0,0,0,0,0,0,0,0,0
0,0,0,0,0,0,0,0,0,0,0,"Hackney North and Stoke Newington","Labour","Labour",99.9999999999996,0,0,0,0,0,0,0,0
0,0,0,0,0,0,0,0,0,0,0,"Hackney South and Shoreditch","Labour","Labour",99.9999999999998,0,0,0,0,0,0,0,0
100,0,0,0,0,0,0,0,0,0,0,"Halesowen and Rowley Regis","UK.Independence.Party","Conservative",0,0,0,0,0,0,0,0,0
0,0,0,0,0,0,0,0,0,0,0,"Halifax","Labour","Labour",100,0,0,0,0,0,0,0,0
0,100,0,0,0,0,0,0,0,0,0,"Haltemprice and Howden","Conservative","Conservative",0,0,0,0,0,0,0,0,0
0,0,0,0,0,0,0,0,0,0,0,"Halton","Labour","Labour",100,0,0,0,0,0,0,0,0
0,0,0,0,0,0,0,0,0,0,0,"Hammersmith","Labour","Labour",99.9999999999997,0,0,0,0,0,0,0,0
0,0,0,0,0,0,0,0,0,0,0,"Hampstead and Kilburn","Labour","Labour",100,0,0,0,0,0,0,0,0
0,100,0,0,0,0,0,0,0,0,0,"Harborough","Conservative","Conservative",0,0,0,0,0,0,0,0,0
0,100,0,0,0,0,0,0,0,0,0,"Harlow","Conservative","Conservative",0,0,0,0,0,0,0,0,0
0,99.9999999999998,0,0,0,0,0,0,0,0,0,"Harrogate and Knaresborough","Conservative","Conservative",0,0,0,0,0,0,0,0,0
0,99.9999999999999,0,0,0,0,0,0,0,0,0,"Harrow East","Conservative","Conservative",0,0,0,0,0,0,0,0,0
0,0,0,0,0,0,0,0,0,0,0,"Harrow West","Labour","Labour",99.9999999999999,0,0,0,0,0,0,0,0
99.9999999999999,0,0,0,0,0,0,0,0,0,0,"Hartlepool","UK.Independence.Party","Labour",0,0,0,0,0,0,0,0,0
0,99.9999999999999,0,0,0,0,0,0,0,0,0,"Harwich and North Essex","Conservative","Conservative",0,0,0,0,0,0,0,0,0
0,100,0,0,0,0,0,0,0,0,0,"Hastings and Rye","Conservative","Conservative",0,0,0,0,0,0,0,0,0
0,100,0,0,0,0,0,0,0,0,0,"Havant","Conservative","Conservative",0,0,0,0,0,0,0,0,0
0,0,0,0,0,0,0,0,0,0,0,"Hayes and Harlington","Labour","Labour",100,0,0,0,0,0,0,0,0
0,0,0,0,0,0,0,0,0,0,0,"Hazel Grove","Liberal.Democrat","Conservative",0,0,99.9999999999997,0,0,0,0,0,0
0,100,0,0,0,0,0,0,0,0,0,"Hemel Hempstead","Conservative","Conservative",0,0,0,0,0,0,0,0,0
0,0,0,0,0,0,0,0,0,0,0,"Hemsworth","Labour","Labour",100,0,0,0,0,0,0,0,0
0,99.9999999999999,0,0,0,0,0,0,0,0,0,"Hendon","Conservative","Conservative",0,0,0,0,0,0,0,0,0
0,99.9999999999996,0,0,0,0,0,0,0,0,0,"Henley","Conservative","Conservative",0,0,0,0,0,0,0,0,0
0,100,0,0,0,0,0,0,0,0,0,"Hereford and South Herefordshire","Conservative","Conservative",0,0,0,0,0,0,0,0,0
0,100,0,0,0,0,0,0,0,0,0,"Hertford and Stortford","Conservative","Conservative",0,0,0,0,0,0,0,0,0
0,100,0,0,0,0,0,0,0,0,0,"Hertsmere","Conservative","Conservative",0,0,0,0,0,0,0,0,0
0,99.9999999999999,0,0,0,0,0,0,0,0,0,"Hexham","Conservative","Conservative",0,0,0,0,0,0,0,0,0
99.9999999999998,0,0,0,0,0,0,0,0,0,0,"Heywood and Middleton","UK.Independence.Party","Labour",0,0,0,0,0,0,0,0,0
0,100,0,0,0,0,0,0,0,0,0,"High Peak","Conservative","Conservative",0,0,0,0,0,0,0,0,0
0,99.9999999999999,0,0,0,0,0,0,0,0,0,"Hitchin and Harpenden","Conservative","Conservative",0,0,0,0,0,0,0,0,0
0,0,0,0,0,0,0,0,0,0,0,"Holborn and St Pancras","Labour","Labour",99.9999999999998,0,0,0,0,0,0,0,0
99.9999999999998,0,0,0,0,0,0,0,0,0,0,"Hornchurch and Upminster","UK.Independence.Party","Conservative",0,0,0,0,0,0,0,0,0
0,0,0,0,0,0,0,0,0,0,0,"Hornsey and Wood Green","Labour","Labour",100,0,0,0,0,0,0,0,0
0,100,0,0,0,0,0,0,0,0,0,"Horsham","Conservative","Conservative",0,0,0,0,0,0,0,0,0
0,0,0,0,0,0,0,0,0,0,0,"Houghton and Sunderland South","Labour","Labour",99.9999999999997,0,0,0,0,0,0,0,0
0,0,0,0,0,0,0,0,0,0,0,"Hove","Labour","Labour",100,0,0,0,0,0,0,0,0
0,0,0,0,0,0,0,0,0,0,0,"Huddersfield","Labour","Labour",99.9999999999998,0,0,0,0,0,0,0,0
0,99.9999999999999,0,0,0,0,0,0,0,0,0,"Huntingdon","Conservative","Conservative",0,0,0,0,0,0,0,0,0
99.9999999999998,0,0,0,0,0,0,0,0,0,0,"Hyndburn","UK.Independence.Party","Labour",0,0,0,0,0,0,0,0,0
0,0,0,0,0,0,0,0,0,0,0,"Ilford North","Labour","Labour",99.9999999999999,0,0,0,0,0,0,0,0
0,0,0,0,0,0,0,0,0,0,0,"Ilford South","Labour","Labour",100,0,0,0,0,0,0,0,0
0,0,0,0,0,0,0,0,0,0,0,"Inverclyde","Scottish.National.Party","Scottish.National.Party",0,0,0,0,99.9999999999998,0,0,0,0
0,0,0,0,0,0,0,0,0,0,0,"Inverness, Nairn, Badenoch and Strathspey","Liberal.Democrat","Scottish.National.Party",0,0,99.9999999999998,0,0,0,0,0,0
0,100,0,0,0,0,0,0,0,0,0,"Ipswich","Conservative","Conservative",0,0,0,0,0,0,0,0,0
100,0,0,0,0,0,0,0,0,0,0,"Isle of Wight","UK.Independence.Party","Conservative",0,0,0,0,0,0,0,0,0
0,0,0,0,0,0,0,0,0,0,0,"Islington North","Labour","Labour",100,0,0,0,0,0,0,0,0
0,0,0,0,0,0,0,0,0,0,0,"Islington South and Finsbury","Labour","Labour",100,0,0,0,0,0,0,0,0
0,0,0,0,0,0,0,0,0,0,0,"Islwyn","Labour","Labour",100,0,0,0,0,0,0,0,0
0,0,0,0,0,0,0,0,0,0,0,"Jarrow","Labour","Labour",100,0,0,0,0,0,0,0,0
0,13.458978274302,0,0,0,0,0,0,0,0,0,"Keighley","Labour","Conservative",86.5410217256979,0,0,0,0,0,0,0,0
0,100,0,0,0,0,0,0,0,0,0,"Kenilworth and Southam","Conservative","Conservative",0,0,0,0,0,0,0,0,0
0,100,0,0,0,0,0,0,0,0,0,"Kensington","Conservative","Conservative",0,0,0,0,0,0,0,0,0
0,100,0,0,0,0,0,0,0,0,0,"Kettering","Conservative","Conservative",0,0,0,0,0,0,0,0,0
0,0,0,0,0,0,0,0,0,0,0,"Kilmarnock and Loudoun","Scottish.National.Party","Scottish.National.Party",0,0,0,0,100,0,0,0,0
0,0,0,0,0,0,0,0,0,0,0,"Kingston and Surbiton","Liberal.Democrat","Conservative",0,0,100,0,0,0,0,0,0
0,0,0,0,0,0,0,0,0,0,0,"Kingston upon Hull East","Labour","Labour",100,0,0,0,0,0,0,0,0
0,0,0,0,0,0,0,0,0,0,0,"Kingston upon Hull North","Labour","Labour",99.9999999999998,0,0,0,0,0,0,0,0
0,0,0,0,0,0,0,0,0,0,0,"Kingston upon Hull West and Hessle","Labour","Labour",99.9999999999999,0,0,0,0,0,0,0,0
0,100,0,0,0,0,0,0,0,0,0,"Kingswood","Conservative","Conservative",0,0,0,0,0,0,0,0,0
0,0,0,0,0,0,0,0,0,0,0,"Kirkcaldy and Cowdenbeath","Scottish.National.Party","Scottish.National.Party",0,0,0,0,100,0,0,0,0
0,0,0,0,0,0,0,0,0,0,0,"Knowsley","Labour","Labour",100,0,0,0,0,0,0,0,0
0,0,0,0,0,0,0,0,0,0,0,"Lanark and Hamilton East","Scottish.National.Party","Scottish.National.Party",0,0,0,0,100,0,0,0,0
0,0,0,0,0,0,0,0,0,0,0,"Lancaster and Fleetwood","Labour","Labour",99.9999999999997,0,0,0,0,0,0,0,0
0,0,0,0,0,0,0,0,0,0,0,"Leeds Central","Labour","Labour",99.9999999999997,0,0,0,0,0,0,0,0
0,0,0,0,0,0,0,0,0,0,0,"Leeds East","Labour","Labour",99.9999999999998,0,0,0,0,0,0,0,0
0,0,0,0,0,0,0,0,0,0,0,"Leeds North East","Labour","Labour",100,0,0,0,0,0,0,0,0
0,0,0,0,0,0,0,0,0,0,0,"Leeds North West","Liberal.Democrat","Liberal.Democrat",0,0,99.9999999999999,0,0,0,0,0,0
0,0,0,0,0,0,0,0,0,0,0,"Leeds West","Labour","Labour",99.9999999999999,0,0,0,0,0,0,0,0
0,0,0,0,0,0,0,0,0,0,0,"Leicester East","Labour","Labour",99.9999999999999,0,0,0,0,0,0,0,0
0,0,0,0,0,0,0,0,0,0,0,"Leicester South","Labour","Labour",99.9999999999998,0,0,0,0,0,0,0,0
0,0,0,0,0,0,0,0,0,0,0,"Leicester West","Labour","Labour",99.9999999999998,0,0,0,0,0,0,0,0
0,0,0,0,0,0,0,0,0,0,0,"Leigh","Labour","Labour",100,0,0,0,0,0,0,0,0
0,0,0,0,0,0,0,0,0,0,0,"Lewes","Liberal.Democrat","Conservative",0,0,99.9999999999997,0,0,0,0,0,0
0,0,0,0,0,0,0,0,0,0,0,"Lewisham East","Labour","Labour",100,0,0,0,0,0,0,0,0
0,0,0,0,0,0,0,0,0,0,0,"Lewisham West and Penge","Labour","Labour",100,0,0,0,0,0,0,0,0
0,0,0,0,0,0,0,0,0,0,0,"Lewisham, Deptford","Labour","Labour",100,0,0,0,0,0,0,0,0
0,0,0,0,0,0,0,0,0,0,0,"Leyton and Wanstead","Labour","Labour",100,0,0,0,0,0,0,0,0
0,100,0,0,0,0,0,0,0,0,0,"Lichfield","Conservative","Conservative",0,0,0,0,0,0,0,0,0
0,0,0,0,0,0,0,0,0,0,0,"Lincoln","Labour","Conservative",100,0,0,0,0,0,0,0,0
0,0,0,0,0,0,0,0,0,0,0,"Linlithgow and East Falkirk","Scottish.National.Party","Scottish.National.Party",0,0,0,0,99.9999999999997,0,0,0,0
0,0,0,0,0,0,0,0,0,0,0,"Liverpool, Riverside","Labour","Labour",100,0,0,0,0,0,0,0,0
0,0,0,0,0,0,0,0,0,0,0,"Liverpool, Walton","Labour","Labour",100,0,0,0,0,0,0,0,0
0,0,0,0,0,0,0,0,0,0,0,"Liverpool, Wavertree","Labour","Labour",100,0,0,0,0,0,0,0,0
0,0,0,0,0,0,0,0,0,0,0,"Liverpool, West Derby","Labour","Labour",100,0,0,0,0,0,0,0,0
0,0,0,0,0,0,0,0,0,0,0,"Livingston","Scottish.National.Party","Scottish.National.Party",0,0,0,0,100,0,0,0,0
0,0,0,0,0,0,0,0,0,0,0,"Llanelli","Plaid.Cymru","Labour",0,99.9999999999999,0,0,0,0,0,0,0
0,100,0,0,0,0,0,0,0,0,0,"Loughborough","Conservative","Conservative",0,0,0,0,0,0,0,0,0
100,0,0,0,0,0,0,0,0,0,0,"Louth and Horncastle","UK.Independence.Party","Conservative",0,0,0,0,0,0,0,0,0
0,99.9999999999998,0,0,0,0,0,0,0,0,0,"Ludlow","Conservative","Conservative",0,0,0,0,0,0,0,0,0
0,0,0,0,0,0,0,0,0,0,0,"Luton North","Labour","Labour",100,0,0,0,0,0,0,0,0
0,0,0,0,0,0,0,0,0,0,0,"Luton South","Labour","Labour",100,0,0,0,0,0,0,0,0
0,99.9999999999999,0,0,0,0,0,0,0,0,0,"Macclesfield","Conservative","Conservative",0,0,0,0,0,0,0,0,0
0,100,0,0,0,0,0,0,0,0,0,"Maidenhead","Conservative","Conservative",0,0,0,0,0,0,0,0,0
0,0,0,0,0,0,0,0,0,0,0,"Maidstone and The Weald","Liberal.Democrat","Conservative",0,0,99.9999999999998,0,0,0,0,0,0
0,0,0,0,0,0,0,0,0,0,0,"Makerfield","Labour","Labour",100,0,0,0,0,0,0,0,0
0,99.9999999999999,0,0,0,0,0,0,0,0,0,"Maldon","Conservative","Conservative",0,0,0,0,0,0,0,0,0
0,0,0,0,0,0,0,0,0,0,0,"Manchester Central","Labour","Labour",99.9999999999998,0,0,0,0,0,0,0,0
0,0,0,0,0,0,0,0,0,0,0,"Manchester, Gorton","Labour","Labour",100,0,0,0,0,0,0,0,0
0,0,0,0,0,0,0,0,0,0,0,"Manchester, Withington","Labour","Labour",99.9999999999998,0,0,0,0,0,0,0,0
99.9999999999998,0,0,0,0,0,0,0,0,0,0,"Mansfield","UK.Independence.Party","Labour",0,0,0,0,0,0,0,0,0
0,99.9999999999997,0,0,0,0,0,0,0,0,0,"Meon Valley","Conservative","Conservative",0,0,0,0,0,0,0,0,0
0,99.9999999999996,0,0,0,0,0,0,0,0,0,"Meriden","Conservative","Conservative",0,0,0,0,0,0,0,0,0
0,0,0,0,0,0,0,0,0,0,0,"Merthyr Tydfil and Rhymney","Labour","Labour",99.9999999999998,0,0,0,0,0,0,0,0
0,99.9999999999999,0,0,0,0,0,0,0,0,0,"Mid Bedfordshire","Conservative","Conservative",0,0,0,0,0,0,0,0,0
0,100,0,0,0,0,0,0,0,0,0,"Mid Derbyshire","Conservative","Conservative",0,0,0,0,0,0,0,0,0
0,0,0,0,0,0,0,0,0,0,0,"Mid Dorset and North Poole","Liberal.Democrat","Conservative",0,0,99.9999999999998,0,0,0,0,0,0
0,99.9999999999999,0,0,0,0,0,0,0,0,0,"Mid Norfolk","Conservative","Conservative",0,0,0,0,0,0,0,0,0
0,99.9999999999998,0,0,0,0,0,0,0,0,0,"Mid Sussex","Conservative","Conservative",0,0,0,0,0,0,0,0,0
0,99.9999999999999,0,0,0,0,0,0,0,0,0,"Mid Worcestershire","Conservative","Conservative",0,0,0,0,0,0,0,0,0
0,0,0,0,0,0,0,0,0,0,0,"Middlesbrough","Labour","Labour",100,0,0,0,0,0,0,0,0
0,0,0,0,0,0,0,0,0,0,0,"Middlesbrough South and East Cleveland","Labour","Labour",100,0,0,0,0,0,0,0,0
0,0,99.9999999999998,0,0,0,0,0,0,0,0,"Midlothian","Green","Scottish.National.Party",0,0,0,0,0,0,0,0,0
0,99.9999999999999,0,0,0,0,0,0,0,0,0,"Milton Keynes North","Conservative","Conservative",0,0,0,0,0,0,0,0,0
0,100,0,0,0,0,0,0,0,0,0,"Milton Keynes South","Conservative","Conservative",0,0,0,0,0,0,0,0,0
0,0,0,0,0,0,0,0,0,0,0,"Mitcham and Morden","Labour","Labour",100,0,0,0,0,0,0,0,0
0,99.9999999999997,0,0,0,0,0,0,0,0,0,"Mole Valley","Conservative","Conservative",0,0,0,0,0,0,0,0,0
0,100,0,0,0,0,0,0,0,0,0,"Monmouth","Conservative","Conservative",0,0,0,0,0,0,0,0,0
0,0,0,0,0,0,0,0,0,0,0,"Montgomeryshire","Liberal.Democrat","Conservative",0,0,99.9999999999998,0,0,0,0,0,0
0,0,100,0,0,0,0,0,0,0,0,"Moray","Green","Scottish.National.Party",0,0,0,0,0,0,0,0,0
0,99.9999999999999,0,0,0,0,0,0,0,0,0,"Morecambe and Lunesdale","Conservative","Conservative",0,0,0,0,0,0,0,0,0
99.9999999999996,0,0,0,0,0,0,0,0,0,0,"Morley and Outwood","UK.Independence.Party","Conservative",0,0,0,0,0,0,0,0,0
0,0,0,0,0,0,0,0,0,0,0,"Motherwell and Wishaw","Scottish.National.Party","Scottish.National.Party",0,0,0,0,99.9999999999999,0,0,0,0
0,0,0,0,0,0,0,0,0,0,0,"Na h-Eileanan an Iar","Scottish.National.Party","Scottish.National.Party",0,0,0,0,100,0,0,0,0
0,0,0,0,0,0,0,0,0,0,0,"Neath","Labour","Labour",99.9999999999999,0,0,0,0,0,0,0,0
0,99.9999999999998,0,0,0,0,0,0,0,0,0,"New Forest East","Conservative","Conservative",0,0,0,0,0,0,0,0,0
0,100,0,0,0,0,0,0,0,0,0,"New Forest West","Conservative","Conservative",0,0,0,0,0,0,0,0,0
0,100,0,0,0,0,0,0,0,0,0,"Newark","Conservative","Conservative",0,0,0,0,0,0,0,0,0
0,100,0,0,0,0,0,0,0,0,0,"Newbury","Conservative","Conservative",0,0,0,0,0,0,0,0,0
0,0,0,0,0,0,0,0,0,0,0,"Newcastle upon Tyne Central","Labour","Labour",100,0,0,0,0,0,0,0,0
0,0,0,0,0,0,0,0,0,0,0,"Newcastle upon Tyne East","Labour","Labour",99.9999999999997,0,0,0,0,0,0,0,0
0,0,0,0,0,0,0,0,0,0,0,"Newcastle upon Tyne North","Labour","Labour",99.9999999999997,0,0,0,0,0,0,0,0
99.9999999999995,0,0,0,0,0,0,0,0,0,0,"Newcastle-under-Lyme","UK.Independence.Party","Labour",0,0,0,0,0,0,0,0,0
99.9999999999998,0,0,0,0,0,0,0,0,0,0,"Newport East","UK.Independence.Party","Labour",0,0,0,0,0,0,0,0,0
0,0,0,0,0,0,0,0,0,0,0,"Newport West","Labour","Labour",99.9999999999998,0,0,0,0,0,0,0,0
0,38.3812114975869,0,0,0,0,0,0,0,0,0,"Newton Abbot","Liberal.Democrat","Conservative",0,0,61.6187885024132,0,0,0,0,0,0
0,0,0,0,0,0,0,0,0,0,0,"Normanton, Pontefract and Castleford","Labour","Labour",100,0,0,0,0,0,0,0,0
0,0,0,0,0,0,0,0,0,0,0,"North Ayrshire and Arran","Scottish.National.Party","Scottish.National.Party",0,0,0,0,100,0,0,0,0
0,0,0,0,0,0,0,0,0,0,0,"North Cornwall","Liberal.Democrat","Conservative",0,0,99.9999999999996,0,0,0,0,0,0
0,0,0,0,0,0,0,0,0,0,0,"North Devon","Liberal.Democrat","Conservative",0,0,99.9999999999997,0,0,0,0,0,0
0,100,0,0,0,0,0,0,0,0,0,"North Dorset","Conservative","Conservative",0,0,0,0,0,0,0,0,0
0,0,0,0,0,0,0,0,0,0,0,"North Durham","Labour","Labour",99.9999999999996,0,0,0,0,0,0,0,0
0,100,0,0,0,0,0,0,0,0,0,"North East Bedfordshire","Conservative","Conservative",0,0,0,0,0,0,0,0,0
0,100,0,0,0,0,0,0,0,0,0,"North East Cambridgeshire","Conservative","Conservative",0,0,0,0,0,0,0,0,0
0,0,0,0,0,0,0,0,0,0,0,"North East Derbyshire","Labour","Labour",100,0,0,0,0,0,0,0,0
0,0,0,0,0,0,0,0,0,0,0,"North East Fife","Liberal.Democrat","Scottish.National.Party",0,0,100,0,0,0,0,0,0
0,100,0,0,0,0,0,0,0,0,0,"North East Hampshire","Conservative","Conservative",0,0,0,0,0,0,0,0,0
0,99.9999999999999,0,0,0,0,0,0,0,0,0,"North East Hertfordshire","Conservative","Conservative",0,0,0,0,0,0,0,0,0
0,100,0,0,0,0,0,0,0,0,0,"North East Somerset","Conservative","Conservative",0,0,0,0,0,0,0,0,0
0,100,0,0,0,0,0,0,0,0,0,"North Herefordshire","Conservative","Conservative",0,0,0,0,0,0,0,0,0
0,0,0,0,0,0,0,0,0,0,0,"North Norfolk","Liberal.Democrat","Liberal.Democrat",0,0,99.9999999999998,0,0,0,0,0,0
0,100,0,0,0,0,0,0,0,0,0,"North Shropshire","Conservative","Conservative",0,0,0,0,0,0,0,0,0
0,100,0,0,0,0,0,0,0,0,0,"North Somerset","Conservative","Conservative",0,0,0,0,0,0,0,0,0
0,100,0,0,0,0,0,0,0,0,0,"North Swindon","Conservative","Conservative",0,0,0,0,0,0,0,0,0
99.9999999999998,0,0,0,0,0,0,0,0,0,0,"North Thanet","UK.Independence.Party","Conservative",0,0,0,0,0,0,0,0,0
0,0,0,0,0,0,0,0,0,0,0,"North Tyneside","Labour","Labour",99.9999999999996,0,0,0,0,0,0,0,0
99.9999999999999,0,0,0,0,0,0,0,0,0,0,"North Warwickshire","UK.Independence.Party","Conservative",0,0,0,0,0,0,0,0,0
0,99.9999999999998,0,0,0,0,0,0,0,0,0,"North West Cambridgeshire","Conservative","Conservative",0,0,0,0,0,0,0,0,0
0,0,0,0,0,0,0,0,0,0,0,"North West Durham","Labour","Labour",99.9999999999997,0,0,0,0,0,0,0,0
0,99.9999999999997,0,0,0,0,0,0,0,0,0,"North West Hampshire","Conservative","Conservative",0,0,0,0,0,0,0,0,0
0,99.9999999999998,0,0,0,0,0,0,0,0,0,"North West Leicestershire","Conservative","Conservative",0,0,0,0,0,0,0,0,0
0,100,0,0,0,0,0,0,0,0,0,"North West Norfolk","Conservative","Conservative",0,0,0,0,0,0,0,0,0
0,99.9999999999997,0,0,0,0,0,0,0,0,0,"North Wiltshire","Conservative","Conservative",0,0,0,0,0,0,0,0,0
100,0,0,0,0,0,0,0,0,0,0,"Northampton North","UK.Independence.Party","Conservative",0,0,0,0,0,0,0,0,0
100,0,0,0,0,0,0,0,0,0,0,"Northampton South","UK.Independence.Party","Conservative",0,0,0,0,0,0,0,0,0
99.9999999999998,0,0,0,0,0,0,0,0,0,0,"Norwich North","UK.Independence.Party","Conservative",0,0,0,0,0,0,0,0,0
0,0,99.9999999999999,0,0,0,0,0,0,0,0,"Norwich South","Green","Labour",0,0,0,0,0,0,0,0,0
0,0,0,0,0,0,0,0,0,0,0,"Nottingham East","Labour","Labour",100,0,0,0,0,0,0,0,0
0,0,0,0,0,0,0,0,0,0,0,"Nottingham North","Labour","Labour",100,0,0,0,0,0,0,0,0
0,0,0,0,0,0,0,0,0,0,0,"Nottingham South","Labour","Labour",99.9999999999998,0,0,0,0,0,0,0,0
0,100,0,0,0,0,0,0,0,0,0,"Nuneaton","Conservative","Conservative",0,0,0,0,0,0,0,0,0
0,0,0,0,0,0,0,0,0,0,0,"Ochil and South Perthshire","Scottish.National.Party","Scottish.National.Party",0,0,0,0,100,0,0,0,0
0,0,0,0,0,0,0,0,0,0,0,"Ogmore","Labour","Labour",99.9999999999999,0,0,0,0,0,0,0,0
0,100,0,0,0,0,0,0,0,0,0,"Old Bexley and Sidcup","Conservative","Conservative",0,0,0,0,0,0,0,0,0
99.9999999999994,0,0,0,0,0,0,0,0,0,0,"Oldham East and Saddleworth","UK.Independence.Party","Labour",0,0,0,0,0,0,0,0,0
0,0,0,0,0,0,0,0,0,0,0,"Oldham West and Royton","Labour","Labour",99.9999999999998,0,0,0,0,0,0,0,0
0,0,0,0,0,0,0,0,0,0,0,"Orkney and Shetland","Liberal.Democrat","Liberal.Democrat",0,0,100,0,0,0,0,0,0
0,100,0,0,0,0,0,0,0,0,0,"Orpington","Conservative","Conservative",0,0,0,0,0,0,0,0,0
0,0,0,0,0,0,0,0,0,0,0,"Oxford East","Labour","Labour",99.9999999999998,0,0,0,0,0,0,0,0
0,0,0,0,0,0,0,0,0,0,0,"Oxford West and Abingdon","Liberal.Democrat","Conservative",0,0,99.9999999999997,0,0,0,0,0,0
0,0,7.23662654394564,0,0,0,0,0,14.5066970779572,0,0,"Paisley and Renfrewshire North","Trade.Unionist.and.Socialist.Coalition","Scottish.National.Party",0,0,0,78.2566763780969,0,0,0,0,0
0,0,0,0,0,0,0,0,0,0,0,"Paisley and Renfrewshire South","Labour","Scottish.National.Party",99.9999999999999,0,0,0,0,0,0,0,0
0,99.9999999999999,0,0,0,0,0,0,0,0,0,"Pendle","Conservative","Conservative",0,0,0,0,0,0,0,0,0
100,0,0,0,0,0,0,0,0,0,0,"Penistone and Stocksbridge","UK.Independence.Party","Labour",0,0,0,0,0,0,0,0,0
0,100,0,0,0,0,0,0,0,0,0,"Penrith and The Border","Conservative","Conservative",0,0,0,0,0,0,0,0,0
0,0,99.9999999999997,0,0,0,0,0,0,0,0,"Perth and North Perthshire","Green","Scottish.National.Party",0,0,0,0,0,0,0,0,0
99.9999999999999,0,0,0,0,0,0,0,0,0,0,"Peterborough","UK.Independence.Party","Conservative",0,0,0,0,0,0,0,0,0
99.9999999999997,0,0,0,0,0,0,0,0,0,0,"Plymouth, Moor View","UK.Independence.Party","Conservative",0,0,0,0,0,0,0,0,0
0,0,100,0,0,0,0,0,0,0,0,"Plymouth, Sutton and Devonport","Green","Conservative",0,0,0,0,0,0,0,0,0
0,0,0,0,0,0,0,0,0,0,0,"Pontypridd","Labour","Labour",100,0,0,0,0,0,0,0,0
0,99.9999999999998,0,0,0,0,0,0,0,0,0,"Poole","Conservative","Conservative",0,0,0,0,0,0,0,0,0
0,0,0,0,0,0,0,0,0,0,0,"Poplar and Limehouse","Labour","Labour",100,0,0,0,0,0,0,0,0
99.9999999999998,0,0,0,0,0,0,0,0,0,0,"Portsmouth North","UK.Independence.Party","Conservative",0,0,0,0,0,0,0,0,0
0,0,100,0,0,0,0,0,0,0,0,"Portsmouth South","Green","Conservative",0,0,0,0,0,0,0,0,0
0,99.9999999999999,0,0,0,0,0,0,0,0,0,"Preseli Pembrokeshire","Conservative","Conservative",0,0,0,0,0,0,0,0,0
0,0,0,0,0,0,0,0,0,0,0,"Preston","Labour","Labour",99.9999999999999,0,0,0,0,0,0,0,0
0,99.9999999999999,0,0,0,0,0,0,0,0,0,"Pudsey","Conservative","Conservative",0,0,0,0,0,0,0,0,0
0,100,0,0,0,0,0,0,0,0,0,"Putney","Conservative","Conservative",0,0,0,0,0,0,0,0,0
0,99.9999999999999,0,0,0,0,0,0,0,0,0,"Rayleigh and Wickford","Conservative","Conservative",0,0,0,0,0,0,0,0,0
0,100,0,0,0,0,0,0,0,0,0,"Reading East","Conservative","Conservative",0,0,0,0,0,0,0,0,0
0,99.9999999999999,0,0,0,0,0,0,0,0,0,"Reading West","Conservative","Conservative",0,0,0,0,0,0,0,0,0
0,0,0,0,0,0,0,0,0,0,0,"Redcar","Labour","Labour",100,0,0,0,0,0,0,0,0
0,99.9999999999999,0,0,0,0,0,0,0,0,0,"Redditch","Conservative","Conservative",0,0,0,0,0,0,0,0,0
0,100,0,0,0,0,0,0,0,0,0,"Reigate","Conservative","Conservative",0,0,0,0,0,0,0,0,0
0,0,0,0,0,0,0,0,0,0,0,"Rhondda","Labour","Labour",82.548411301715,17.451588698285,0,0,0,0,0,0,0
0,99.9999999999998,0,0,0,0,0,0,0,0,0,"Ribble Valley","Conservative","Conservative",0,0,0,0,0,0,0,0,0
0,99.9999999999997,0,0,0,0,0,0,0,0,0,"Richmond (Yorks)","Conservative","Conservative",0,0,0,0,0,0,0,0,0
0,100,0,0,0,0,0,0,0,0,0,"Richmond Park","Conservative","Conservative",0,0,0,0,0,0,0,0,0
0,0,0,0,0,0,0,0,0,0,0,"Rochdale","Labour","Labour",100,0,0,0,0,0,0,0,0
99.9999999999997,0,0,0,0,0,0,0,0,0,0,"Rochester and Strood","UK.Independence.Party","Conservative",0,0,0,0,0,0,0,0,0
99.9999999999999,0,0,0,0,0,0,0,0,0,0,"Rochford and Southend East","UK.Independence.Party","Conservative",0,0,0,0,0,0,0,0,0
100,0,0,0,0,0,0,0,0,0,0,"Romford","UK.Independence.Party","Conservative",0,0,0,0,0,0,0,0,0
0,99.9999999999998,0,0,0,0,0,0,0,0,0,"Romsey and Southampton North","Conservative","Conservative",0,0,0,0,0,0,0,0,0
0,0,0,0,0,0,0,0,0,0,0,"Ross, Skye and Lochaber","Liberal.Democrat","Scottish.National.Party",0,0,99.9999999999995,0,0,0,0,0,0
0,100,0,0,0,0,0,0,0,0,0,"Rossendale and Darwen","Conservative","Conservative",0,0,0,0,0,0,0,0,0
99.9999999999999,0,0,0,0,0,0,0,0,0,0,"Rother Valley","UK.Independence.Party","Labour",0,0,0,0,0,0,0,0,0
100,0,0,0,0,0,0,0,0,0,0,"Rotherham","UK.Independence.Party","Labour",0,0,0,0,0,0,0,0,0
0,99.9999999999999,0,0,0,0,0,0,0,0,0,"Rugby","Conservative","Conservative",0,0,0,0,0,0,0,0,0
0,100,0,0,0,0,0,0,0,0,0,"Ruislip, Northwood and Pinner","Conservative","Conservative",0,0,0,0,0,0,0,0,0
0,100,0,0,0,0,0,0,0,0,0,"Runnymede and Weybridge","Conservative","Conservative",0,0,0,0,0,0,0,0,0
0,99.9999999999999,0,0,0,0,0,0,0,0,0,"Rushcliffe","Conservative","Conservative",0,0,0,0,0,0,0,0,0
0,0,0,0,0,0,0,0,0,0,0,"Rutherglen and Hamilton West","Scottish.National.Party","Scottish.National.Party",32.1653961879466,0,0,0,67.8346038120534,0,0,0,0
0,100,0,0,0,0,0,0,0,0,0,"Rutland and Melton","Conservative","Conservative",0,0,0,0,0,0,0,0,0
0,100,0,0,0,0,0,0,0,0,0,"Saffron Walden","Conservative","Conservative",0,0,0,0,0,0,0,0,0
0,0,0,0,0,0,0,0,0,0,0,"Salford and Eccles","Labour","Labour",99.9999999999998,0,0,0,0,0,0,0,0
0,100,0,0,0,0,0,0,0,0,0,"Salisbury","Conservative","Conservative",0,0,0,0,0,0,0,0,0
99.9999999999998,0,0,0,0,0,0,0,0,0,0,"Scarborough and Whitby","UK.Independence.Party","Conservative",0,0,0,0,0,0,0,0,0
0,0,0,0,0,0,0,0,0,0,0,"Scunthorpe","Labour","Labour",100,0,0,0,0,0,0,0,0
0,0,0,0,0,0,0,0,0,0,0,"Sedgefield","Labour","Labour",100,0,0,0,0,0,0,0,0
0,0,0,0,0,0,0,0,0,0,0,"Sefton Central","Labour","Labour",99.9999999999998,0,0,0,0,0,0,0,0
0,99.9999999999998,0,0,0,0,0,0,0,0,0,"Selby and Ainsty","Conservative","Conservative",0,0,0,0,0,0,0,0,0
0,99.9999999999999,0,0,0,0,0,0,0,0,0,"Sevenoaks","Conservative","Conservative",0,0,0,0,0,0,0,0,0
0,0,0,0,0,0,0,0,0,0,0,"Sheffield Central","Labour","Labour",100,0,0,0,0,0,0,0,0
0,0,0,0,0,0,0,0,0,0,0,"Sheffield South East","Labour","Labour",100,0,0,0,0,0,0,0,0
0,0,0,0,0,0,0,0,0,0,0,"Sheffield, Brightside and Hillsborough","Labour","Labour",100,0,0,0,0,0,0,0,0
0,0,0,0,0,0,0,0,0,0,0,"Sheffield, Hallam","Liberal.Democrat","Liberal.Democrat",0,0,99.9999999999998,0,0,0,0,0,0
0,0,0,0,0,0,0,0,0,0,0,"Sheffield, Heeley","Labour","Labour",99.9999999999999,0,0,0,0,0,0,0,0
0,99.9999999999998,0,0,0,0,0,0,0,0,0,"Sherwood","Conservative","Conservative",0,0,0,0,0,0,0,0,0
0,100,0,0,0,0,0,0,0,0,0,"Shipley","Conservative","Conservative",0,0,0,0,0,0,0,0,0
0,100,0,0,0,0,0,0,0,0,0,"Shrewsbury and Atcham","Conservative","Conservative",0,0,0,0,0,0,0,0,0
100,0,0,0,0,0,0,0,0,0,0,"Sittingbourne and Sheppey","UK.Independence.Party","Conservative",0,0,0,0,0,0,0,0,0
0,100,0,0,0,0,0,0,0,0,0,"Skipton and Ripon","Conservative","Conservative",0,0,0,0,0,0,0,0,0
0,99.9999999999999,0,0,0,0,0,0,0,0,0,"Sleaford and North Hykeham","Conservative","Conservative",0,0,0,0,0,0,0,0,0
0,0,0,0,0,0,0,0,0,0,0,"Slough","Labour","Labour",99.9999999999997,0,0,0,0,0,0,0,0
0,100,0,0,0,0,0,0,0,0,0,"Solihull","Conservative","Conservative",0,0,0,0,0,0,0,0,0
0,100,0,0,0,0,0,0,0,0,0,"Somerton and Frome","Conservative","Conservative",0,0,0,0,0,0,0,0,0
99.9999999999997,0,0,0,0,0,0,0,0,0,0,"South Basildon and East Thurrock","UK.Independence.Party","Conservative",0,0,0,0,0,0,0,0,0
0,100,0,0,0,0,0,0,0,0,0,"South Cambridgeshire","Conservative","Conservative",0,0,0,0,0,0,0,0,0
0,100,0,0,0,0,0,0,0,0,0,"South Derbyshire","Conservative","Conservative",0,0,0,0,0,0,0,0,0
0,100,0,0,0,0,0,0,0,0,0,"South Dorset","Conservative","Conservative",0,0,0,0,0,0,0,0,0
0,100,0,0,0,0,0,0,0,0,0,"South East Cambridgeshire","Conservative","Conservative",0,0,0,0,0,0,0,0,0
0,99.9999999999998,0,0,0,0,0,0,0,0,0,"South East Cornwall","Conservative","Conservative",0,0,0,0,0,0,0,0,0
0,99.9999999999998,0,0,0,0,0,0,0,0,0,"South Holland and The Deepings","Conservative","Conservative",0,0,0,0,0,0,0,0,0
0,100,0,0,0,0,0,0,0,0,0,"South Leicestershire","Conservative","Conservative",0,0,0,0,0,0,0,0,0
0,100,0,0,0,0,0,0,0,0,0,"South Norfolk","Conservative","Conservative",0,0,0,0,0,0,0,0,0
0,100,0,0,0,0,0,0,0,0,0,"South Northamptonshire","Conservative","Conservative",0,0,0,0,0,0,0,0,0
0,100,0,0,0,0,0,0,0,0,0,"South Ribble","Conservative","Conservative",0,0,0,0,0,0,0,0,0
0,0,0,0,0,0,0,0,0,0,0,"South Shields","Labour","Labour",99.9999999999998,0,0,0,0,0,0,0,0
0,100,0,0,0,0,0,0,0,0,0,"South Staffordshire","Conservative","Conservative",0,0,0,0,0,0,0,0,0
0,100,0,0,0,0,0,0,0,0,0,"South Suffolk","Conservative","Conservative",0,0,0,0,0,0,0,0,0
0,99.9999999999999,0,0,0,0,0,0,0,0,0,"South Swindon","Conservative","Conservative",0,0,0,0,0,0,0,0,0
100,0,0,0,0,0,0,0,0,0,0,"South Thanet","UK.Independence.Party","Conservative",0,0,0,0,0,0,0,0,0
0,100,0,0,0,0,0,0,0,0,0,"South West Bedfordshire","Conservative","Conservative",0,0,0,0,0,0,0,0,0
0,100,0,0,0,0,0,0,0,0,0,"South West Devon","Conservative","Conservative",0,0,0,0,0,0,0,0,0
0,99.9999999999998,0,0,0,0,0,0,0,0,0,"South West Hertfordshire","Conservative","Conservative",0,0,0,0,0,0,0,0,0
100,0,0,0,0,0,0,0,0,0,0,"South West Norfolk","UK.Independence.Party","Conservative",0,0,0,0,0,0,0,0,0
0,99.9999999999997,0,0,0,0,0,0,0,0,0,"South West Surrey","Conservative","Conservative",0,0,0,0,0,0,0,0,0
0,100,0,0,0,0,0,0,0,0,0,"South West Wiltshire","Conservative","Conservative",0,0,0,0,0,0,0,0,0
99.9999999999998,0,0,0,0,0,0,0,0,0,0,"Southampton, Itchen","UK.Independence.Party","Conservative",0,0,0,0,0,0,0,0,0
0,0,0,0,0,0,0,0,0,0,0,"Southampton, Test","Labour","Labour",99.9999999999998,0,0,0,0,0,0,0,0
0,100,0,0,0,0,0,0,0,0,0,"Southend West","Conservative","Conservative",0,0,0,0,0,0,0,0,0
0,0,0,0,0,0,0,0,0,0,0,"Southport","Liberal.Democrat","Liberal.Democrat",0,0,99.9999999999998,0,0,0,0,0,0
99.9999999999998,0,0,0,0,0,0,0,0,0,0,"Spelthorne","UK.Independence.Party","Conservative",0,0,0,0,0,0,0,0,0
0,99.9999999999997,0,0,0,0,0,0,0,0,0,"St Albans","Conservative","Conservative",0,0,0,0,0,0,0,0,0
0,0,0,0,0,0,0,0,0,0,0,"St Austell and Newquay","Liberal.Democrat","Conservative",0,0,100,0,0,0,0,0,0
0,0,0,0,0,0,0,0,0,0,0,"St Helens North","Labour","Labour",99.9999999999999,0,0,0,0,0,0,0,0
0,0,0,0,0,0,0,0,0,0,0,"St Helens South and Whiston","Labour","Labour",100,0,0,0,0,0,0,0,0
0,0,0,0,0,0,0,0,0,0,0,"St Ives","Liberal.Democrat","Conservative",0,0,99.9999999999997,0,0,0,0,0,0
0,75.4378582831254,0,0,0,0,0,0,0,0,0,"Stafford","Conservative","Conservative",0,0,0,0,0,24.5621417168749,0,0,0
0,99.9999999999999,0,0,0,0,0,0,0,0,0,"Staffordshire Moorlands","Conservative","Conservative",0,0,0,0,0,0,0,0,0
0,0,0,0,0,0,0,0,0,0,0,"Stalybridge and Hyde","Labour","Labour",99.9999999999998,0,0,0,0,0,0,0,0
99.9999999999997,0,0,0,0,0,0,0,0,0,0,"Stevenage","UK.Independence.Party","Conservative",0,0,0,0,0,0,0,0,0
0,0,99.9999999999998,0,0,0,0,0,0,0,0,"Stirling","Green","Scottish.National.Party",0,0,0,0,0,0,0,0,0
0,0,0,0,0,0,0,0,0,0,0,"Stockport","Labour","Labour",99.9999999999994,0,0,0,0,0,0,0,0
0,0,0,0,0,0,0,0,0,0,0,"Stockton North","Labour","Labour",100,0,0,0,0,0,0,0,0
0,100,0,0,0,0,0,0,0,0,0,"Stockton South","Conservative","Conservative",0,0,0,0,0,0,0,0,0
100,0,0,0,0,0,0,0,0,0,0,"Stoke-on-Trent Central","UK.Independence.Party","Labour",0,0,0,0,0,0,0,0,0
99.9999999999998,0,0,0,0,0,0,0,0,0,0,"Stoke-on-Trent North","UK.Independence.Party","Labour",0,0,0,0,0,0,0,0,0
99.9999999999999,0,0,0,0,0,0,0,0,0,0,"Stoke-on-Trent South","UK.Independence.Party","Labour",0,0,0,0,0,0,0,0,0
0,99.9999999999999,0,0,0,0,0,0,0,0,0,"Stone","Conservative","Conservative",0,0,0,0,0,0,0,0,0
99.9999999999999,0,0,0,0,0,0,0,0,0,0,"Stourbridge","UK.Independence.Party","Conservative",0,0,0,0,0,0,0,0,0
0,100,0,0,0,0,0,0,0,0,0,"Stratford-on-Avon","Conservative","Conservative",0,0,0,0,0,0,0,0,0
0,0,0,0,0,0,0,0,0,0,0,"Streatham","Labour","Labour",99.9999999999998,0,0,0,0,0,0,0,0
0,0,0,0,0,0,0,0,0,0,0,"Stretford and Urmston","Labour","Labour",99.9999999999999,0,0,0,0,0,0,0,0
0,99.9999999999997,0,0,0,0,0,0,0,0,0,"Stroud","Conservative","Conservative",0,0,0,0,0,0,0,0,0
0,99.9999999999999,0,0,0,0,0,0,0,0,0,"Suffolk Coastal","Conservative","Conservative",0,0,0,0,0,0,0,0,0
0,0,0,0,0,0,0,0,0,0,0,"Sunderland Central","Labour","Labour",99.9999999999998,0,0,0,0,0,0,0,0
0,100,0,0,0,0,0,0,0,0,0,"Surrey Heath","Conservative","Conservative",0,0,0,0,0,0,0,0,0
0,0,0,0,0,0,0,0,0,0,0,"Sutton and Cheam","Liberal.Democrat","Conservative",0,0,100,0,0,0,0,0,0
0,99.9999999999996,0,0,0,0,0,0,0,0,0,"Sutton Coldfield","Conservative","Conservative",0,0,0,0,0,0,0,0,0
0,0,0,0,0,0,0,0,0,0,0,"Swansea East","Labour","Labour",99.9999999999998,0,0,0,0,0,0,0,0
0,0,0,0,0,0,0,0,0,0,0,"Swansea West","Labour","Labour",100,0,0,0,0,0,0,0,0
0,99.9999999999998,0,0,0,0,0,0,0,0,0,"Tamworth","Conservative","Conservative",0,0,0,0,0,0,0,0,0
0,99.9999999999999,0,0,0,0,0,0,0,0,0,"Tatton","Conservative","Conservative",0,0,0,0,0,0,0,0,0
0,100,0,0,0,0,0,0,0,0,0,"Taunton Deane","Conservative","Conservative",0,0,0,0,0,0,0,0,0
100,0,0,0,0,0,0,0,0,0,0,"Telford","UK.Independence.Party","Conservative",0,0,0,0,0,0,0,0,0
0,100,0,0,0,0,0,0,0,0,0,"Tewkesbury","Conservative","Conservative",0,0,0,0,0,0,0,0,0
0,99.9999999999998,0,0,0,0,0,0,0,0,0,"The Cotswolds","Conservative","Conservative",0,0,0,0,0,0,0,0,0
0,99.9999999999999,0,0,0,0,0,0,0,0,0,"The Wrekin","Conservative","Conservative",0,0,0,0,0,0,0,0,0
0,100,0,0,0,0,0,0,0,0,0,"Thirsk and Malton","Conservative","Conservative",0,0,0,0,0,0,0,0,0
0,0,0,0,0,0,0,0,0,0,0,"Thornbury and Yate","Liberal.Democrat","Conservative",0,0,100,0,0,0,0,0,0
100,0,0,0,0,0,0,0,0,0,0,"Thurrock","UK.Independence.Party","Conservative",0,0,0,0,0,0,0,0,0
0,100,0,0,0,0,0,0,0,0,0,"Tiverton and Honiton","Conservative","Conservative",0,0,0,0,0,0,0,0,0
0,100,0,0,0,0,0,0,0,0,0,"Tonbridge and Malling","Conservative","Conservative",0,0,0,0,0,0,0,0,0
0,0,0,0,0,0,0,0,0,0,0,"Tooting","Labour","Labour",100,0,0,0,0,0,0,0,0
0,0,0,0,0,0,0,0,0,0,0,"Torbay","Liberal.Democrat","Conservative",0,0,99.9999999999999,0,0,0,0,0,0
0,0,0,0,0,0,0,0,0,0,0,"Torfaen","Labour","Labour",100,0,0,0,0,0,0,0,0
0,99.9999999999997,0,0,0,0,0,0,0,0,0,"Torridge and West Devon","Conservative","Conservative",0,0,0,0,0,0,0,0,0
0,100,0,0,0,0,0,0,0,0,0,"Totnes","Conservative","Conservative",0,0,0,0,0,0,0,0,0
0,0,0,0,0,0,0,0,0,0,0,"Tottenham","Labour","Labour",99.9999999999998,0,0,0,0,0,0,0,0
0,0,99.9999999999998,0,0,0,0,0,0,0,0,"Truro and Falmouth","Green","Conservative",0,0,0,0,0,0,0,0,0
0,99.9999999999995,0,0,0,0,0,0,0,0,0,"Tunbridge Wells","Conservative","Conservative",0,0,0,0,0,0,0,0,0
0,0,0,0,0,0,0,0,0,0,0,"Twickenham","Liberal.Democrat","Conservative",0,0,99.9999999999998,0,0,0,0,0,0
0,0,0,0,0,0,0,0,0,0,0,"Tynemouth","Labour","Labour",100,0,0,0,0,0,0,0,0
0,100,0,0,0,0,0,0,0,0,0,"Uxbridge and South Ruislip","Conservative","Conservative",0,0,0,0,0,0,0,0,0
0,0,0,0,0,0,0,0,0,0,0,"Vale of Clwyd","Labour","Conservative",99.9999999999997,0,0,0,0,0,0,0,0
0,99.9999999999999,0,0,0,0,0,0,0,0,0,"Vale of Glamorgan","Conservative","Conservative",0,0,0,0,0,0,0,0,0
0,0,0,0,0,0,0,0,0,0,0,"Vauxhall","Labour","Labour",99.9999999999998,0,0,0,0,0,0,0,0
100,0,0,0,0,0,0,0,0,0,0,"Wakefield","UK.Independence.Party","Labour",0,0,0,0,0,0,0,0,0
0,0,0,0,0,0,0,0,0,0,0,"Wallasey","Labour","Labour",100,0,0,0,0,0,0,0,0
100,0,0,0,0,0,0,0,0,0,0,"Walsall North","UK.Independence.Party","Labour",0,0,0,0,0,0,0,0,0
0,0,0,0,0,0,0,0,0,0,0,"Walsall South","Labour","Labour",100,0,0,0,0,0,0,0,0
0,0,0,0,0,0,0,0,0,0,0,"Walthamstow","Labour","Labour",100,0,0,0,0,0,0,0,0
0,0,0,0,0,0,0,0,0,0,0,"Wansbeck","Labour","Labour",99.9999999999999,0,0,0,0,0,0,0,0
0,100,0,0,0,0,0,0,0,0,0,"Wantage","Conservative","Conservative",0,0,0,0,0,0,0,0,0
0,0,0,0,0,0,0,0,0,0,0,"Warley","Labour","Labour",99.9999999999999,0,0,0,0,0,0,0,0
0,0,0,0,0,0,0,0,0,0,0,"Warrington North","Labour","Labour",99.9999999999999,0,0,0,0,0,0,0,0
0,0,0,0,0,0,0,0,0,0,0,"Warrington South","Labour","Conservative",100,0,0,0,0,0,0,0,0
0,99.9999999999997,0,0,0,0,0,0,0,0,0,"Warwick and Leamington","Conservative","Conservative",0,0,0,0,0,0,0,0,0
0,0,0,0,0,0,0,0,0,0,0,"Washington and Sunderland West","Labour","Labour",100,0,0,0,0,0,0,0,0
0,100,0,0,0,0,0,0,0,0,0,"Watford","Conservative","Conservative",0,0,0,0,0,0,0,0,0
100,0,0,0,0,0,0,0,0,0,0,"Waveney","UK.Independence.Party","Conservative",0,0,0,0,0,0,0,0,0
0,99.9999999999999,0,0,0,0,0,0,0,0,0,"Wealden","Conservative","Conservative",0,0,0,0,0,0,0,0,0
0,0,0,0,0,0,0,0,0,0,0,"Weaver Vale","Labour","Conservative",99.9999999999996,0,0,0,0,0,0,0,0
0,100,0,0,0,0,0,0,0,0,0,"Wellingborough","Conservative","Conservative",0,0,0,0,0,0,0,0,0
0,0,0,0,0,0,0,0,0,0,0,"Wells","Liberal.Democrat","Conservative",0,0,99.9999999999997,0,0,0,0,0,0
0,99.9999999999998,0,0,0,0,0,0,0,0,0,"Welwyn Hatfield","Conservative","Conservative",0,0,0,0,0,0,0,0,0
0,0,0,0,0,0,0,0,0,0,0,"Wentworth and Dearne","Labour","Labour",100,0,0,0,0,0,0,0,0
0,0,0,0,0,0,0,0,0,0,0,"West Aberdeenshire and Kincardine","Liberal.Democrat","Scottish.National.Party",0,0,99.9999999999998,0,0,0,0,0,0
0,0,0,0,0,0,0,0,0,0,0,"West Bromwich East","Labour","Labour",99.9999999999997,0,0,0,0,0,0,0,0
99.9999999999998,0,0,0,0,0,0,0,0,0,0,"West Bromwich West","UK.Independence.Party","Labour",0,0,0,0,0,0,0,0,0
0,100,0,0,0,0,0,0,0,0,0,"West Dorset","Conservative","Conservative",0,0,0,0,0,0,0,0,0
0,0,0,0,0,0,0,0,0,0,0,"West Dunbartonshire","Scottish.National.Party","Scottish.National.Party",0,0,0,0,100,0,0,0,0
0,0,0,0,0,0,0,0,0,0,0,"West Ham","Labour","Labour",99.9999999999999,0,0,0,0,0,0,0,0
0,0,0,0,0,0,0,0,0,0,0,"West Lancashire","Labour","Labour",99.9999999999998,0,0,0,0,0,0,0,0
0,99.9999999999997,0,0,0,0,0,0,0,0,0,"West Suffolk","Conservative","Conservative",0,0,0,0,0,0,0,0,0
0,100,0,0,0,0,0,0,0,0,0,"West Worcestershire","Conservative","Conservative",0,0,0,0,0,0,0,0,0
0,0,0,0,0,0,0,0,0,0,0,"Westminster North","Labour","Labour",100,0,0,0,0,0,0,0,0
0,0,0,0,0,0,0,0,0,0,0,"Westmorland and Lonsdale","Liberal.Democrat","Liberal.Democrat",0,0,100,0,0,0,0,0,0
36.2660935757322,63.7339064242681,0,0,0,0,0,0,0,0,0,"Weston-Super-Mare","Conservative","Conservative",0,0,0,0,0,0,0,0,0
0,0,0,0,0,0,0,0,0,0,0,"Wigan","Labour","Labour",99.9999999999997,0,0,0,0,0,0,0,0
0,99.9999999999999,0,0,0,0,0,0,0,0,0,"Wimbledon","Conservative","Conservative",0,0,0,0,0,0,0,0,0
0,99.9999999999998,0,0,0,0,0,0,0,0,0,"Winchester","Conservative","Conservative",0,0,0,0,0,0,0,0,0
0,100,0,0,0,0,0,0,0,0,0,"Windsor","Conservative","Conservative",0,0,0,0,0,0,0,0,0
0,0,0,0,0,0,0,0,0,0,0,"Wirral South","Labour","Labour",100,0,0,0,0,0,0,0,0
0,0,0,0,0,0,0,0,0,0,0,"Wirral West","Labour","Labour",99.9999999999998,0,0,0,0,0,0,0,0
0,99.9999999999997,0,0,0,0,0,0,0,0,0,"Witham","Conservative","Conservative",0,0,0,0,0,0,0,0,0
0,100,0,0,0,0,0,0,0,0,0,"Witney","Conservative","Conservative",0,0,0,0,0,0,0,0,0
0,100,0,0,0,0,0,0,0,0,0,"Woking","Conservative","Conservative",0,0,0,0,0,0,0,0,0
0,99.9999999999999,0,0,0,0,0,0,0,0,0,"Wokingham","Conservative","Conservative",0,0,0,0,0,0,0,0,0
0,0,0,0,0,0,0,0,0,0,0,"Wolverhampton North East","Labour","Labour",100,0,0,0,0,0,0,0,0
0,0,0,0,0,0,0,0,0,0,0,"Wolverhampton South East","Labour","Labour",99.9999999999998,0,0,0,0,0,0,0,0
0,0,0,0,0,0,0,0,0,0,0,"Wolverhampton South West","Labour","Labour",99.9999999999999,0,0,0,0,0,0,0,0
0,99.9999999999998,0,0,0,0,0,0,0,0,0,"Worcester","Conservative","Conservative",0,0,0,0,0,0,0,0,0
100,0,0,0,0,0,0,0,0,0,0,"Workington","UK.Independence.Party","Labour",0,0,0,0,0,0,0,0,0
0,0,0,0,0,0,0,0,0,0,0,"Worsley and Eccles South","Labour","Labour",99.9999999999999,0,0,0,0,0,0,0,0
0,99.9999999999999,0,0,0,0,0,0,0,0,0,"Worthing West","Conservative","Conservative",0,0,0,0,0,0,0,0,0
100,0,0,0,0,0,0,0,0,0,0,"Wrexham","UK.Independence.Party","Labour",0,0,0,0,0,0,0,0,0
0,100,0,0,0,0,0,0,0,0,0,"Wycombe","Conservative","Conservative",0,0,0,0,0,0,0,0,0
0,100,0,0,0,0,0,0,0,0,0,"Wyre and Preston North","Conservative","Conservative",0,0,0,0,0,0,0,0,0
0,99.9999999999997,0,0,0,0,0,0,0,0,0,"Wyre Forest","Conservative","Conservative",0,0,0,0,0,0,0,0,0
0,0,0,0,0,0,0,0,0,0,0,"Wythenshawe and Sale East","Labour","Labour",99.9999999999999,0,0,0,0,0,0,0,0
0,0,0,0,0,0,0,0,0,0,0,"Yeovil","Liberal.Democrat","Conservative",0,0,99.9999999999998,0,0,0,0,0,0
0,0,0,0,0,0,0,0,0,0,0,"Ynys Mn","Plaid.Cymru","Labour",0,99.9999999999999,0,0,0,0,0,0,0
0,0,0,0,0,0,0,0,0,0,0,"York Central","Labour","Labour",100,0,0,0,0,0,0,0,0
0,99.9999999999998,0,0,0,0,0,0,0,0,0,"York Outer","Conservative","Conservative",0,0,0,0,0,0,0,0,0
