Press Association Reference,Constituency Name,Region,Election Year,Electorate,Votes,Labour,Conservative,Liberal,Plaid Cymru,Communist,SNP,Ind,National Front,Irish National,Ecology,Democratic Unionist,Official Unionist,Alliance,SDLP,Irish Independence,United Labour,Republican Clubs,Scottish Labour,Ind Labour,Troops Out of Ireland,WRP,Workers,Community,Unionist of NI,NI Labour,Labour Integrationist,Socialist Unity,Jesus and His Cross,Save Birmingham Education,Child and Family Protection Group,Mebyon Kernow,Ind Liberal,New Britain,C. Against Common Market,Dem. Labour,Ind.,Campaign for More Prosperous Britain,United Democratic,Democrat,Severnside Libertarian,Speaker,Keep Britain United,CSD,United Country,Ind. Conservative,Fancy Dress,Soc. Unity,English National,Wessex Regionalist,Dog Lovers,Dem. Monarchist Public Safety White Resident,Silly,Ulster Unionist,Inter-Independence,Reform,Christian Democrat,Anti-Common Market Conservative,Citizens' Protest Vote,United Ulster Unionist,Ind. Democratic,Fellowship,Mod. Labour,Rhodesian Front,Fine Ghaidheil,Socialist,Ind. Labour,Anti-Corruption,Ratepayer,Rev. Ref.,Derry Lab and TU,Committee for Prevention of Police State,Socilaist Unity,Feudal,British Empire,Homeland,Oxford Ecology Movement,Ind. Buisnessman,Providers Through Care,Cornish N.,AP Labour,Social Democrat,Anti-Common Market Free Enterprise,Christian Stop Abortion
,Aberavon,,1979,64864,51341,31665,12692,4624,1954,406,,,,,,,,,,,,,,,,,,,,,,,,,,,,,,,,,,,,,,,,,,,,,,,,,,,,,,,,,,,,,,,,,,,,,,,,,,,,,,
,Aberdare,,1979,47500,37339,26716,6453,,3652,518,,,,,,,,,,,,,,,,,,,,,,,,,,,,,,,,,,,,,,,,,,,,,,,,,,,,,,,,,,,,,,,,,,,,,,,,,,,,,,
,Aberdeen North,,1979,64747,45111,26771,7657,4887,,,5796,,,,,,,,,,,,,,,,,,,,,,,,,,,,,,,,,,,,,,,,,,,,,,,,,,,,,,,,,,,,,,,,,,,,,,,,,,,,,
,Aberdeen South,,1979,65090,51130,20048,20820,5901,,,4361,,,,,,,,,,,,,,,,,,,,,,,,,,,,,,,,,,,,,,,,,,,,,,,,,,,,,,,,,,,,,,,,,,,,,,,,,,,,,
,Aberdeenshire East,,1979,54292,39297,6201,16827,,,,16269,,,,,,,,,,,,,,,,,,,,,,,,,,,,,,,,,,,,,,,,,,,,,,,,,,,,,,,,,,,,,,,,,,,,,,,,,,,,,
,Aberdeenshire West,,1979,67915,51573,7907,21086,18320,,,4260,,,,,,,,,,,,,,,,,,,,,,,,,,,,,,,,,,,,,,,,,,,,,,,,,,,,,,,,,,,,,,,,,,,,,,,,,,,,,
,Abertillery,,1979,35602,28559,21698,4613,,2248,,,,,,,,,,,,,,,,,,,,,,,,,,,,,,,,,,,,,,,,,,,,,,,,,,,,,,,,,,,,,,,,,,,,,,,,,,,,,,,
,Abingdon,,1979,96447,76676,18920,41211,16164,,,,381,,,,,,,,,,,,,,,,,,,,,,,,,,,,,,,,,,,,,,,,,,,,,,,,,,,,,,,,,,,,,,,,,,,,,,,,,,,,
,Accrington,,1979,50822,40012,19576,16282,3646,,,,,508,,,,,,,,,,,,,,,,,,,,,,,,,,,,,,,,,,,,,,,,,,,,,,,,,,,,,,,,,,,,,,,,,,,,,,,,,,,
,Acton,,1979,56875,40607,15258,21056,3549,,,,,501,243,,,,,,,,,,,,,,,,,,,,,,,,,,,,,,,,,,,,,,,,,,,,,,,,,,,,,,,,,,,,,,,,,,,,,,,,,,
,Aldershot,,1979,86516,66150,13698,38014,14438,,,,,,,,,,,,,,,,,,,,,,,,,,,,,,,,,,,,,,,,,,,,,,,,,,,,,,,,,,,,,,,,,,,,,,,,,,,,,,,,
,Aldridge-Brownhills,,1979,63377,52308,20621,26289,5398,,,,,,,,,,,,,,,,,,,,,,,,,,,,,,,,,,,,,,,,,,,,,,,,,,,,,,,,,,,,,,,,,,,,,,,,,,,,,,,,
,Altrincham and Sale,,1979,74547,57915,14643,29873,12603,,,,,,,796,,,,,,,,,,,,,,,,,,,,,,,,,,,,,,,,,,,,,,,,,,,,,,,,,,,,,,,,,,,,,,,,,,,,,,,,,
,Anglesey,,1979,47726,38746,12283,15100,3500,7863,,,,,,,,,,,,,,,,,,,,,,,,,,,,,,,,,,,,,,,,,,,,,,,,,,,,,,,,,,,,,,,,,,,,,,,,,,,,,,,
,Angus North and Mearns,,1979,43122,31821,6132,18302,,,,7387,,,,,,,,,,,,,,,,,,,,,,,,,,,,,,,,,,,,,,,,,,,,,,,,,,,,,,,,,,,,,,,,,,,,,,,,,,,,,
,Angus South,,1979,57513,45936,4623,20029,2218,,,19066,,,,,,,,,,,,,,,,,,,,,,,,,,,,,,,,,,,,,,,,,,,,,,,,,,,,,,,,,,,,,,,,,,,,,,,,,,,,,
,Antrim North,,1979,102202,65692,0,,,,,,,,,,33941,15398,7797,4867,3689,,,,,,,,,,,,,,,,,,,,,,,,,,,,,,,,,,,,,,,,,,,,,,,,,,,,,,,,,,,,,,,,,,,,
,Antrim South,,1979,126444,73638,0,,,,,,,,,,,50782,11914,7432,,1895,1615,,,,,,,,,,,,,,,,,,,,,,,,,,,,,,,,,,,,,,,,,,,,,,,,,,,,,,,,,,,,,,,,,,
,Argyll,,1979,43527,33132,5283,12191,5113,,,10545,,,,,,,,,,,,,,,,,,,,,,,,,,,,,,,,,,,,,,,,,,,,,,,,,,,,,,,,,,,,,,,,,,,,,,,,,,,,,
,Armagh,,1979,93069,65231,0,,,,,,,,,,5634,31668,2074,23545,,,2310,,,,,,,,,,,,,,,,,,,,,,,,,,,,,,,,,,,,,,,,,,,,,,,,,,,,,,,,,,,,,,,,,,
,Arundel,,1979,91638,67685,10509,43968,13208,,,,,,,,,,,,,,,,,,,,,,,,,,,,,,,,,,,,,,,,,,,,,,,,,,,,,,,,,,,,,,,,,,,,,,,,,,,,,,,,
,Ashfield,,1979,77878,62746,33116,25319,3914,,,,,397,,,,,,,,,,,,,,,,,,,,,,,,,,,,,,,,,,,,,,,,,,,,,,,,,,,,,,,,,,,,,,,,,,,,,,,,,,,
,Ashford,,1979,61460,47119,12586,26224,7631,,,,,678,,,,,,,,,,,,,,,,,,,,,,,,,,,,,,,,,,,,,,,,,,,,,,,,,,,,,,,,,,,,,,,,,,,,,,,,,,,
,Ashton-under-Lyne,,1979,58588,44876,24535,16156,3699,,,,,486,,,,,,,,,,,,,,,,,,,,,,,,,,,,,,,,,,,,,,,,,,,,,,,,,,,,,,,,,,,,,,,,,,,,,,,,,,,
,Aylesbury,,1979,74646,58292,14091,33953,10248,,,,,,,,,,,,,,,,,,,,,,,,,,,,,,,,,,,,,,,,,,,,,,,,,,,,,,,,,,,,,,,,,,,,,,,,,,,,,,,,
,Ayr,,1979,54753,43700,16139,18907,4656,,,3998,,,,,,,,,,,,,,,,,,,,,,,,,,,,,,,,,,,,,,,,,,,,,,,,,,,,,,,,,,,,,,,,,,,,,,,,,,,,,
,Ayrshire Central,,1979,67288,53664,27438,15734,4896,,,5596,,,,,,,,,,,,,,,,,,,,,,,,,,,,,,,,,,,,,,,,,,,,,,,,,,,,,,,,,,,,,,,,,,,,,,,,,,,,,
,Ayrshire North and Bute,,1979,49931,37873,13004,17317,2280,,,5272,,,,,,,,,,,,,,,,,,,,,,,,,,,,,,,,,,,,,,,,,,,,,,,,,,,,,,,,,,,,,,,,,,,,,,,,,,,,,
,Ayrshire South,,1979,50727,40541,14271,10287,,,,3233,,,,,,,,,,,,12750,,,,,,,,,,,,,,,,,,,,,,,,,,,,,,,,,,,,,,,,,,,,,,,,,,,,,,,,,,,,,,,,,
,Banbury,,1979,72611,56922,16623,31137,8658,,,,,504,,,,,,,,,,,,,,,,,,,,,,,,,,,,,,,,,,,,,,,,,,,,,,,,,,,,,,,,,,,,,,,,,,,,,,,,,,,
,Banff,,1979,32768,23742,3381,10580,,,,9781,,,,,,,,,,,,,,,,,,,,,,,,,,,,,,,,,,,,,,,,,,,,,,,,,,,,,,,,,,,,,,,,,,,,,,,,,,,,,
,Barking,,1979,48289,34314,18111,11103,3679,,,,,1021,,,,,,,,,,,400,,,,,,,,,,,,,,,,,,,,,,,,,,,,,,,,,,,,,,,,,,,,,,,,,,,,,,,,,,,,,,,,
,Barkston Ash,,1979,91890,71789,21670,40381,7909,,,,,,,1829,,,,,,,,,,,,,,,,,,,,,,,,,,,,,,,,,,,,,,,,,,,,,,,,,,,,,,,,,,,,,,,,,,,,,,,,,
,Barnsley,,1979,77699,56667,36276,13654,5751,,,,,,,,,,,,,,,,,638,348,,,,,,,,,,,,,,,,,,,,,,,,,,,,,,,,,,,,,,,,,,,,,,,,,,,,,,,,,,,,,,
,Barrow-in-Furness,,1979,54451,42616,22687,14946,4983,,,,,,,,,,,,,,,,,,,,,,,,,,,,,,,,,,,,,,,,,,,,,,,,,,,,,,,,,,,,,,,,,,,,,,,,,,,,,,,,
,Barry,,1979,75127,60346,21928,30720,6105,1281,,,,312,,,,,,,,,,,,,,,,,,,,,,,,,,,,,,,,,,,,,,,,,,,,,,,,,,,,,,,,,,,,,,,,,,,,,,,,,,,
,Basildon,,1979,103595,80818,32739,37919,9280,,,,,880,,,,,,,,,,,,,,,,,,,,,,,,,,,,,,,,,,,,,,,,,,,,,,,,,,,,,,,,,,,,,,,,,,,,,,,,,,,
,Basingstoke,,1979,99124,78785,20879,42625,14605,,,,,676,,,,,,,,,,,,,,,,,,,,,,,,,,,,,,,,,,,,,,,,,,,,,,,,,,,,,,,,,,,,,,,,,,,,,,,,,,,
,Bassetlaw,,1979,73763,58586,29426,22247,6913,,,,,,,,,,,,,,,,,,,,,,,,,,,,,,,,,,,,,,,,,,,,,,,,,,,,,,,,,,,,,,,,,,,,,,,,,,,,,,,,
,Bath,,1979,63575,49633,11407,23025,13913,,,,,206,,1082,,,,,,,,,,,,,,,,,,,,,,,,,,,,,,,,,,,,,,,,,,,,,,,,,,,,,,,,,,,,,,,,,,,,,,,,,
,Batley and Morley,,1979,62871,46867,22984,17632,4943,,,,848,,,460,,,,,,,,,,,,,,,,,,,,,,,,,,,,,,,,,,,,,,,,,,,,,,,,,,,,,,,,,,,,,,,,,,,,,,,,,
,Battersea North,,1979,41435,28166,15834,9358,2021,,,,,772,,,,,,,,,,,,,104,47,30,,,,,,,,,,,,,,,,,,,,,,,,,,,,,,,,,,,,,,,,,,,,,,,,,,,,,,,,,,,,
,Battersea South,,1979,43712,30999,13984,13652,2802,,,,,561,,,,,,,,,,,,,,,,,,,,,,,,,,,,,,,,,,,,,,,,,,,,,,,,,,,,,,,,,,,,,,,,,,,,,,,,,,,
,Beaconsfield,,1979,67961,51782,10443,31938,8853,,,,,548,,,,,,,,,,,,,,,,,,,,,,,,,,,,,,,,,,,,,,,,,,,,,,,,,,,,,,,,,,,,,,,,,,,,,,,,,,,
,Bebington and Ellesmere Port,,1979,91816,74081,32002,32488,9591,,,,,,,,,,,,,,,,,,,,,,,,,,,,,,,,,,,,,,,,,,,,,,,,,,,,,,,,,,,,,,,,,,,,,,,,,,,,,,,,
,Beckenham,,1979,57939,43281,10856,24607,6450,,,,,606,,762,,,,,,,,,,,,,,,,,,,,,,,,,,,,,,,,,,,,,,,,,,,,,,,,,,,,,,,,,,,,,,,,,,,,,,,,,
,Bedford,,1979,77315,60809,18727,31140,10129,,,,,813,,,,,,,,,,,,,,,,,,,,,,,,,,,,,,,,,,,,,,,,,,,,,,,,,,,,,,,,,,,,,,,,,,,,,,,,,,,
,Bedfordshire Mid,,1979,81564,66331,17140,37724,11467,,,,,,,,,,,,,,,,,,,,,,,,,,,,,,,,,,,,,,,,,,,,,,,,,,,,,,,,,,,,,,,,,,,,,,,,,,,,,,,,
,Bedfordshire South,,1979,73247,58521,16505,32988,8402,,,,,626,,,,,,,,,,,,,,,,,,,,,,,,,,,,,,,,,,,,,,,,,,,,,,,,,,,,,,,,,,,,,,,,,,,,,,,,,,,
,Bedwellty,,1979,50708,40356,28794,8358,,2648,,,,,,556,,,,,,,,,,,,,,,,,,,,,,,,,,,,,,,,,,,,,,,,,,,,,,,,,,,,,,,,,,,,,,,,,,,,,,,,,
,Beeston,,1979,77802,63285,23077,33273,6935,,,,,,,,,,,,,,,,,,,,,,,,,,,,,,,,,,,,,,,,,,,,,,,,,,,,,,,,,,,,,,,,,,,,,,,,,,,,,,,,
,Belfast East,,1979,75481,50989,0,,,,,,,,,,15994,15930,15066,,,,,,,,,,,2017,1982,,,,,,,,,,,,,,,,,,,,,,,,,,,,,,,,,,,,,,,,,,,,,,,,,,,,,,,,,,
,Belfast North,,1979,65073,42344,0,,,,,,,,,,11690,10695,4120,7823,,,1907,,,,,,,4220,1889,,,,,,,,,,,,,,,,,,,,,,,,,,,,,,,,,,,,,,,,,,,,,,,,,,,,,,,,,,
,Belfast South,,1979,68920,46790,0,,,,,,,,,,,28875,11745,3694,,,,,,,,,,1784,,692,,,,,,,,,,,,,,,,,,,,,,,,,,,,,,,,,,,,,,,,,,,,,,,,,,,,,,,,,
,Belfast West,,1979,58884,33289,0,,,,,,,,,,3716,8245,2024,16480,,,2284,,,,,,,,540,,,,,,,,,,,,,,,,,,,,,,,,,,,,,,,,,,,,,,,,,,,,,,,,,,,,,,,,,,
,Belper,,1979,73341,61295,26311,27193,7331,,,,,460,,,,,,,,,,,,,,,,,,,,,,,,,,,,,,,,,,,,,,,,,,,,,,,,,,,,,,,,,,,,,,,,,,,,,,,,,,,
,Bermondsey,,1979,51246,30406,19338,7582,2072,,,,,1175,,,,,,,,,,,,,239,,,,,,,,,,,,,,,,,,,,,,,,,,,,,,,,,,,,,,,,,,,,,,,,,,,,,,,,,,,,,,
,Berwick and East Lothian,,1979,60919,50529,21977,20304,4948,,,3300,,,,,,,,,,,,,,,,,,,,,,,,,,,,,,,,,,,,,,,,,,,,,,,,,,,,,,,,,,,,,,,,,,,,,,,,,,,,,
,Berwick-upon-Tweed,,1979,42493,35616,2602,13663,19351,,,,,,,,,,,,,,,,,,,,,,,,,,,,,,,,,,,,,,,,,,,,,,,,,,,,,,,,,,,,,,,,,,,,,,,,,,,,,,,,
,Bexleyheath,,1979,50872,40761,13342,21888,4782,,,,,749,,,,,,,,,,,,,,,,,,,,,,,,,,,,,,,,,,,,,,,,,,,,,,,,,,,,,,,,,,,,,,,,,,,,,,,,,,,
,Bethnal Green and Bow,,1979,51436,28543,14227,5567,6673,,,,,1740,,,,,,,,,,,,,183,,,,,,153,,,,,,,,,,,,,,,,,,,,,,,,,,,,,,,,,,,,,,,,,,,,,,,,,,,,,,,,
,Birkenhead,,1979,56421,41711,20803,14894,5708,,,,,,,,,,,,,,,,,,306,,,,,,,,,,,,,,,,,,,,,,,,,,,,,,,,,,,,,,,,,,,,,,,,,,,,,,,,,,,,,,
,Birmingham Edgbaston,,1979,68645,46564,15605,25192,4377,,,,112,,,852,,,,,,,,,,,,,,,,,,297,129,,,,,,,,,,,,,,,,,,,,,,,,,,,,,,,,,,,,,,,,,,,,,,,,,,,,,,
,Birmingham Erdington,,1979,64341,43704,20105,19425,3487,,,,,687,,,,,,,,,,,,,,,,,,,,,,,,,,,,,,,,,,,,,,,,,,,,,,,,,,,,,,,,,,,,,,,,,,,,,,,,,,,
,Birmingham Hall Green,,1979,67683,49635,17508,27072,4440,,,,,615,,,,,,,,,,,,,,,,,,,,,,,,,,,,,,,,,,,,,,,,,,,,,,,,,,,,,,,,,,,,,,,,,,,,,,,,,,,
,Birmingham Handsworth,,1979,45018,30787,16998,13789,,,,,,,,,,,,,,,,,,,,,,,,,,,,,,,,,,,,,,,,,,,,,,,,,,,,,,,,,,,,,,,,,,,,,,,,,,,,,,,,,
,Birmingham Ladywood,,1979,33989,21171,13450,5691,2030,,,,,,,,,,,,,,,,,,,,,,,,,,,,,,,,,,,,,,,,,,,,,,,,,,,,,,,,,,,,,,,,,,,,,,,,,,,,,,,,
,Birmingham Northfield,,1979,78873,55700,25100,25304,4538,,,,,614,,,,,,,,,,,,,144,,,,,,,,,,,,,,,,,,,,,,,,,,,,,,,,,,,,,,,,,,,,,,,,,,,,,,,,,,,,,,
,Birmingham Perry Barr,,1979,51794,39250,18674,18183,1811,,,,,582,,,,,,,,,,,,,,,,,,,,,,,,,,,,,,,,,,,,,,,,,,,,,,,,,,,,,,,,,,,,,,,,,,,,,,,,,,,
,Birmingham Selly Oak,,1979,64631,47618,18400,23175,5452,,,,,401,,,,,,,,,,,,,,,,,,,,,,190,,,,,,,,,,,,,,,,,,,,,,,,,,,,,,,,,,,,,,,,,,,,,,,,,,,,,
,Birmingham Small Heath,,1979,46602,29312,17735,6268,4470,,,,,490,,,,,,,,,,,,,,,,,,,349,,,,,,,,,,,,,,,,,,,,,,,,,,,,,,,,,,,,,,,,,,,,,,,,,,,,,,,,
,Birmingham Sparkbrook,,1979,45910,29830,18717,10398,,,715,,,,,,,,,,,,,,,,,,,,,,,,,,,,,,,,,,,,,,,,,,,,,,,,,,,,,,,,,,,,,,,,,,,,,,,,,,,,,,
,Birmingham Stechford,,1979,61115,43730,21166,19517,2349,,,,,698,,,,,,,,,,,,,,,,,,,,,,,,,,,,,,,,,,,,,,,,,,,,,,,,,,,,,,,,,,,,,,,,,,,,,,,,,,,
,Birmingham Yardley,,1979,57574,42462,19029,20193,2491,,,,,749,,,,,,,,,,,,,,,,,,,,,,,,,,,,,,,,,,,,,,,,,,,,,,,,,,,,,,,,,,,,,,,,,,,,,,,,,,,
,Bishop Auckland,,1979,74696,55799,27200,21160,7439,,,,,,,,,,,,,,,,,,,,,,,,,,,,,,,,,,,,,,,,,,,,,,,,,,,,,,,,,,,,,,,,,,,,,,,,,,,,,,,,
,Blaby,,1979,68576,57135,12581,33221,9277,,,,,2056,,,,,,,,,,,,,,,,,,,,,,,,,,,,,,,,,,,,,,,,,,,,,,,,,,,,,,,,,,,,,,,,,,,,,,,,,,,
,Blackburn,,1979,52479,38812,19683,14193,4371,,,,,565,,,,,,,,,,,,,,,,,,,,,,,,,,,,,,,,,,,,,,,,,,,,,,,,,,,,,,,,,,,,,,,,,,,,,,,,,,,
,Blackpool North,,1979,59557,43259,12980,23209,6127,,,,,943,,,,,,,,,,,,,,,,,,,,,,,,,,,,,,,,,,,,,,,,,,,,,,,,,,,,,,,,,,,,,,,,,,,,,,,,,,,
,Blackpool South,,1979,58615,42257,12914,21762,7057,,,,,524,,,,,,,,,,,,,,,,,,,,,,,,,,,,,,,,,,,,,,,,,,,,,,,,,,,,,,,,,,,,,,,,,,,,,,,,,,,
,Blaydon,,1979,58463,46229,24687,16178,5364,,,,,,,,,,,,,,,,,,,,,,,,,,,,,,,,,,,,,,,,,,,,,,,,,,,,,,,,,,,,,,,,,,,,,,,,,,,,,,,,
,Blyth,,1979,79727,62404,25047,14194,5176,,,,,,,,,,,,,,,,17987,,,,,,,,,,,,,,,,,,,,,,,,,,,,,,,,,,,,,,,,,,,,,,,,,,,,,,,,,,,,,,,,
,Bodmin,,1979,61650,50888,3508,27922,17893,,,,,235,,465,,,,,,,,,,,,,,,,,,,,,865,,,,,,,,,,,,,,,,,,,,,,,,,,,,,,,,,,,,,,,,,,,,,,,,,,,,
,Bolsover,,1979,52740,41299,27495,10116,3688,,,,,,,,,,,,,,,,,,,,,,,,,,,,,,,,,,,,,,,,,,,,,,,,,,,,,,,,,,,,,,,,,,,,,,,,,,,,,,,,
,Bolton East,,1979,58482,46048,21920,20068,3603,,,,,457,,,,,,,,,,,,,,,,,,,,,,,,,,,,,,,,,,,,,,,,,,,,,,,,,,,,,,,,,,,,,,,,,,,,,,,,,,,
,Bolton West,,1979,50221,39854,17857,17257,4392,,,,,348,,,,,,,,,,,,,,,,,,,,,,,,,,,,,,,,,,,,,,,,,,,,,,,,,,,,,,,,,,,,,,,,,,,,,,,,,,,
,Bootle,,1979,62578,44083,26900,11741,4531,,,,,,,,,,,,,,,,,,,,,,,,,,,,,911,,,,,,,,,,,,,,,,,,,,,,,,,,,,,,,,,,,,,,,,,,,,,,,,,,,
,Bosworth,,1979,90290,76339,28595,37030,10032,,,,,682,,,,,,,,,,,,,,,,,,,,,,,,,,,,,,,,,,,,,,,,,,,,,,,,,,,,,,,,,,,,,,,,,,,,,,,,,,,
,Bothwell,,1979,61309,48194,26492,11275,5225,,,5202,,,,,,,,,,,,,,,,,,,,,,,,,,,,,,,,,,,,,,,,,,,,,,,,,,,,,,,,,,,,,,,,,,,,,,,,,,,,,
,Bournemouth East,,1979,56382,41203,7553,25808,6738,,,,,,,523,,,,,,,,,,,,,,,,,,,,,,,581,,,,,,,,,,,,,,,,,,,,,,,,,,,,,,,,,,,,,,,,,,,,,,,,,,
,Bournemouth West,,1979,61359,43235,9247,25873,7677,,,,,438,,,,,,,,,,,,,,,,,,,,,,,,,,,,,,,,,,,,,,,,,,,,,,,,,,,,,,,,,,,,,,,,,,,,,,,,,,,
,Bradford North,,1979,68530,49208,25069,17548,5819,,,,,614,,,,,,,,,,,,,158,,,,,,,,,,,,,,,,,,,,,,,,,,,,,,,,,,,,,,,,,,,,,,,,,,,,,,,,,,,,,,
,Bradford South,,1979,76353,55877,26323,22005,7127,,,,,422,,,,,,,,,,,,,,,,,,,,,,,,,,,,,,,,,,,,,,,,,,,,,,,,,,,,,,,,,,,,,,,,,,,,,,,,,,,
,Bradford West,,1979,65407,45164,24309,16554,3668,,,,,633,,,,,,,,,,,,,,,,,,,,,,,,,,,,,,,,,,,,,,,,,,,,,,,,,,,,,,,,,,,,,,,,,,,,,,,,,,,
,Braintree,,1979,75103,60783,19075,31593,10115,,,,,,,,,,,,,,,,,,,,,,,,,,,,,,,,,,,,,,,,,,,,,,,,,,,,,,,,,,,,,,,,,,,,,,,,,,,,,,,,
,Brecon and Radnor,,1979,56975,47978,19633,22660,4654,1031,,,,,,,,,,,,,,,,,,,,,,,,,,,,,,,,,,,,,,,,,,,,,,,,,,,,,,,,,,,,,,,,,,,,,,,,,,,,,,,
,Brent East,,1979,57034,38154,20351,14008,2799,,,,,706,,,,,,,,,,,,,290,,,,,,,,,,,,,,,,,,,,,,,,,,,,,,,,,,,,,,,,,,,,,,,,,,,,,,,,,,,,,,
,Brent North,,1979,72158,55352,18812,29795,5872,,,,,873,,,,,,,,,,,,,,,,,,,,,,,,,,,,,,,,,,,,,,,,,,,,,,,,,,,,,,,,,,,,,,,,,,,,,,,,,,,
,Brent South,,1979,59620,40687,24178,12562,2859,,,,,811,,,,,,,,,,,,,277,,,,,,,,,,,,,,,,,,,,,,,,,,,,,,,,,,,,,,,,,,,,,,,,,,,,,,,,,,,,,,
,Brentford and Isleworth,,1979,71337,55717,22533,27527,4208,,,,,738,,454,,,,,,,,,,,,,,,,,,,,,,,,257,,,,,,,,,,,,,,,,,,,,,,,,,,,,,,,,,,,,,,,,,,,,,,,,,
,Brentwood and Ongar,,1979,60000,48177,12182,29113,6882,,,,,,,,,,,,,,,,,,,,,,,,,,,,,,,,,,,,,,,,,,,,,,,,,,,,,,,,,,,,,,,,,,,,,,,,,,,,,,,,
,Bridgwater,,1979,73040,57761,16809,31259,9693,,,,,,,,,,,,,,,,,,,,,,,,,,,,,,,,,,,,,,,,,,,,,,,,,,,,,,,,,,,,,,,,,,,,,,,,,,,,,,,,
,Bridlington,,1979,68849,51071,12693,27988,10390,,,,,,,,,,,,,,,,,,,,,,,,,,,,,,,,,,,,,,,,,,,,,,,,,,,,,,,,,,,,,,,,,,,,,,,,,,,,,,,,
,Brigg and Scunthorpe,,1979,94822,71603,30644,31130,7664,,,,,,,,,,,,,,,,,,,,,,,,,,,,,,,,2042,123,,,,,,,,,,,,,,,,,,,,,,,,,,,,,,,,,,,,,,,,,,,,,,,
,Brighouse and Spenborough,,1979,65415,52440,21714,23448,7278,,,,,,,,,,,,,,,,,,,,,,,,,,,,,,,,,,,,,,,,,,,,,,,,,,,,,,,,,,,,,,,,,,,,,,,,,,,,,,,,
,Brighton Kemptown,,1979,64170,47599,17504,25512,4179,,,,,404,,,,,,,,,,,,,,,,,,,,,,,,,,,,,,,,,,,,,,,,,,,,,,,,,,,,,,,,,,,,,,,,,,,,,,,,,,,
,Brighton Pavilion,,1979,57003,41356,12099,22218,5965,,,,,436,,638,,,,,,,,,,,,,,,,,,,,,,,,,,,,,,,,,,,,,,,,,,,,,,,,,,,,,,,,,,,,,,,,,,,,,,,,,
,Bristol North East,,1979,51053,37507,19337,13685,3696,,,,,320,,469,,,,,,,,,,,,,,,,,,,,,,,,,,,,,,,,,,,,,,,,,,,,,,,,,,,,,,,,,,,,,,,,,,,,,,,,,
,Bristol North West,,1979,65601,53337,21238,25915,5857,,,,,254,,,,,,,,,,,,,,,,,,,,,,,,,,,,,73,,,,,,,,,,,,,,,,,,,,,,,,,,,,,,,,,,,,,,,,,,,,,,
,Bristol South,,1979,60149,43235,25038,13855,3815,,,,,392,,,,,,,,,,,,,135,,,,,,,,,,,,,,,,,,,,,,,,,,,,,,,,,,,,,,,,,,,,,,,,,,,,,,,,,,,,,,
,Bristol South East,,1979,69937,54826,24878,22988,6371,,,,,523,,,,,,,,,,,,,,,,,,,,,,,,,,,,,66,,,,,,,,,,,,,,,,,,,,,,,,,,,,,,,,,,,,,,,,,,,,,,
,Bristol West,,1979,59140,42320,9690,22257,8880,,,,,246,,1154,,,,,,,,,,,,,,,,,,,,,,,,,,,,93,,,,,,,,,,,,,,,,,,,,,,,,,,,,,,,,,,,,,,,,,,,,,
,Bromsgrove and Redditch,,1979,104375,82175,28736,44621,8066,,,,,752,,,,,,,,,,,,,,,,,,,,,,,,,,,,,,,,,,,,,,,,,,,,,,,,,,,,,,,,,,,,,,,,,,,,,,,,,,,
,Buckingham,,1979,103511,81319,27752,41719,11045,,,,,803,,,,,,,,,,,,,,,,,,,,,,,,,,,,,,,,,,,,,,,,,,,,,,,,,,,,,,,,,,,,,,,,,,,,,,,,,,,
,Burnley,,1979,51050,39677,20172,14062,5091,,,,,,,,,,,,,,,,,,,,,,,,,,,,,,,,,,,,352,,,,,,,,,,,,,,,,,,,,,,,,,,,,,,,,,,,,,,,,,,,,
,Burton,,1979,70130,55224,20020,29821,5383,,,,,,,,,,,,,,,,,,,,,,,,,,,,,,,,,,,,,,,,,,,,,,,,,,,,,,,,,,,,,,,,,,,,,,,,,,,,,,,,
,Bury and Radcliffe,,1979,78021,64475,29194,29156,5711,,,,,414,,,,,,,,,,,,,,,,,,,,,,,,,,,,,,,,,,,,,,,,,,,,,,,,,,,,,,,,,,,,,,,,,,,,,,,,,,,
,Bury St. Edmunds,,1979,95621,72979,21167,41426,10386,,,,,,,,,,,,,,,,,,,,,,,,,,,,,,,,,,,,,,,,,,,,,,,,,,,,,,,,,,,,,,,,,,,,,,,,,,,,,,,,
,Caernarvon,,1979,43041,35083,8696,6968,1999,17420,,,,,,,,,,,,,,,,,,,,,,,,,,,,,,,,,,,,,,,,,,,,,,,,,,,,,,,,,,,,,,,,,,,,,,,,,,,,,,,
,Caerphilly,,1979,58908,46424,27280,8783,3430,6931,,,,,,,,,,,,,,,,,,,,,,,,,,,,,,,,,,,,,,,,,,,,,,,,,,,,,,,,,,,,,,,,,,,,,,,,,,,,,,,
,Caithness and Sutherland,,1979,29564,23174,9613,7074,,,,6487,,,,,,,,,,,,,,,,,,,,,,,,,,,,,,,,,,,,,,,,,,,,,,,,,,,,,,,,,,,,,,,,,,,,,,,,,,,,,
,Cambridge,,1979,77666,55836,20672,25568,9285,,,,,311,,,,,,,,,,,,,,,,,,,,,,,,,,,,,,,,,,,,,,,,,,,,,,,,,,,,,,,,,,,,,,,,,,,,,,,,,,,
,Cambridgeshire,,1979,93179,72927,17929,41218,13780,,,,,,,,,,,,,,,,,,,,,,,,,,,,,,,,,,,,,,,,,,,,,,,,,,,,,,,,,,,,,,,,,,,,,,,,,,,,,,,,
,Cannock,,1979,59511,47483,25050,17704,4729,,,,,,,,,,,,,,,,,,,,,,,,,,,,,,,,,,,,,,,,,,,,,,,,,,,,,,,,,,,,,,,,,,,,,,,,,,,,,,,,
,Canterbury,,1979,89104,66579,16168,38805,10665,,,,,941,,,,,,,,,,,,,,,,,,,,,,,,,,,,,,,,,,,,,,,,,,,,,,,,,,,,,,,,,,,,,,,,,,,,,,,,,,,
,Cardiff North,,1979,47973,36316,13133,17181,4921,1081,,,,,,,,,,,,,,,,,,,,,,,,,,,,,,,,,,,,,,,,,,,,,,,,,,,,,,,,,,,,,,,,,,,,,,,,,,,,,,,
,Cardiff North West,,1979,43639,35163,11663,17925,4832,743,,,,,,,,,,,,,,,,,,,,,,,,,,,,,,,,,,,,,,,,,,,,,,,,,,,,,,,,,,,,,,,,,,,,,,,,,,,,,,,
,Cardiff South East,,1979,50000,40288,23871,15170,,628,112,,,,,,,,,,,,,,,,,,,,,,,,,,,,,,,132,,,,375,,,,,,,,,,,,,,,,,,,,,,,,,,,,,,,,,,,,,,,,,,,
,Cardiff West,,1979,51982,31594,0,,,3272,,,,1287,,,,,,,,,,,,,,,,,,,,,,,,,,,,,,,,,27035,,,,,,,,,,,,,,,,,,,,,,,,,,,,,,,,,,,,,,,,,,
,Cardigan,,1979,45555,37130,7488,11033,13227,5382,,,,,,,,,,,,,,,,,,,,,,,,,,,,,,,,,,,,,,,,,,,,,,,,,,,,,,,,,,,,,,,,,,,,,,,,,,,,,,,
,Carlisle,,1979,53703,42949,21343,16777,4829,,,,,,,,,,,,,,,,,,,,,,,,,,,,,,,,,,,,,,,,,,,,,,,,,,,,,,,,,,,,,,,,,,,,,,,,,,,,,,,,
,Carlton,,1979,76593,60434,18989,31762,9077,,,,,606,,,,,,,,,,,,,,,,,,,,,,,,,,,,,,,,,,,,,,,,,,,,,,,,,,,,,,,,,,,,,,,,,,,,,,,,,,,
,Carmarthen,,1979,61714,52089,18667,12272,4186,16689,,,,149,,,,,,,,,,,,,,,,,,,,,,,,,,,,,,,,,,126,,,,,,,,,,,,,,,,,,,,,,,,,,,,,,,,,,,,,,,,,
,Carshalton,,1979,67255,51644,16121,26492,8112,,,,,919,,,,,,,,,,,,,,,,,,,,,,,,,,,,,,,,,,,,,,,,,,,,,,,,,,,,,,,,,,,,,,,,,,,,,,,,,,,
,Cheadle,,1979,67362,55090,7415,32407,15268,,,,,,,,,,,,,,,,,,,,,,,,,,,,,,,,,,,,,,,,,,,,,,,,,,,,,,,,,,,,,,,,,,,,,,,,,,,,,,,,
,Chelmsford,,1979,84155,68186,6041,33808,28337,,,,,,,,,,,,,,,,,,,,,,,,,,,,,,,,,,,,,,,,,,,,,,,,,,,,,,,,,,,,,,,,,,,,,,,,,,,,,,,,
,Chelsea,,1979,57515,32955,6092,21782,4544,,,,,342,,,,,,,,,,,,,,,,,,,,,,,,,,,,49,,,,,,,146,,,,,,,,,,,,,,,,,,,,,,,,,,,,,,,,,,,,,,,,
,Cheltenham,,1979,64726,50225,9185,25618,15080,,,,,342,,,,,,,,,,,,,,,,,,,,,,,,,,,,,,,,,,,,,,,,,,,,,,,,,,,,,,,,,,,,,,,,,,,,,,,,,,,
,Chertsey and Walton,,1979,68749,52626,12211,25810,13786,,,,,819,,,,,,,,,,,,,,,,,,,,,,,,,,,,,,,,,,,,,,,,,,,,,,,,,,,,,,,,,,,,,,,,,,,,,,,,,,,
,Chesham and Amersham,,1979,67224,53594,7645,32924,12328,,,,,697,,,,,,,,,,,,,,,,,,,,,,,,,,,,,,,,,,,,,,,,,,,,,,,,,,,,,,,,,,,,,,,,,,,,,,,,,,,
,Chester,,1979,72027,55925,19450,28764,7711,,,,,,,,,,,,,,,,,,,,,,,,,,,,,,,,,,,,,,,,,,,,,,,,,,,,,,,,,,,,,,,,,,,,,,,,,,,,,,,,
,Chesterfield,,1979,73738,54111,31049,17445,5617,,,,,,,,,,,,,,,,,,,,,,,,,,,,,,,,,,,,,,,,,,,,,,,,,,,,,,,,,,,,,,,,,,,,,,,,,,,,,,,,
,Chester-le-Street,,1979,50000,64031,38672,16112,9247,,,,,,,,,,,,,,,,,,,,,,,,,,,,,,,,,,,,,,,,,,,,,,,,,,,,,,,,,,,,,,,,,,,,,,,,,,,,,,,,
,Chichester,,1979,73720,55704,8569,34696,10920,,,,,,,656,,,,,,,,,,,,,,,,,,,,,,,,,,,,,,,,,,863,,,,,,,,,,,,,,,,,,,,,,,,,,,,,,,,,,,,,,,
,Chingford,,1979,56061,43928,12257,24640,5225,,,,,1157,,649,,,,,,,,,,,,,,,,,,,,,,,,,,,,,,,,,,,,,,,,,,,,,,,,,,,,,,,,,,,,,,,,,,,,,,,,,
,Chippenham,,1979,74519,59586,5146,29308,24611,,,,,,,521,,,,,,,,,,,,,,,,,,,,,,,,,,,,,,,,,,,,,,,,,,,,,,,,,,,,,,,,,,,,,,,,,,,,,,,,,
,Chipping Barnet,,1979,58254,43533,11147,25154,6367,,,,,865,,,,,,,,,,,,,,,,,,,,,,,,,,,,,,,,,,,,,,,,,,,,,,,,,,,,,,,,,,,,,,,,,,,,,,,,,,,
,Chislehurst,,1979,54024,42652,13494,23259,5335,,,,,564,,,,,,,,,,,,,,,,,,,,,,,,,,,,,,,,,,,,,,,,,,,,,,,,,,,,,,,,,,,,,,,,,,,,,,,,,,,
,Chorley,,1979,81016,66438,28546,31125,6388,,,,,379,,,,,,,,,,,,,,,,,,,,,,,,,,,,,,,,,,,,,,,,,,,,,,,,,,,,,,,,,,,,,,,,,,,,,,,,,,,
,Christchurch and Lymington,,1979,58182,45168,6722,29817,7654,,,,,,,975,,,,,,,,,,,,,,,,,,,,,,,,,,,,,,,,,,,,,,,,,,,,,,,,,,,,,,,,,,,,,,,,,,,,,,,,,
,Cirencester and Tewkesbury,,1979,85444,67283,11575,37651,18057,,,,,,,,,,,,,,,,,,,,,,,,,,,,,,,,,,,,,,,,,,,,,,,,,,,,,,,,,,,,,,,,,,,,,,,,,,,,,,,,
,Cities of London and Westminster South,,1979,50357,27771,7067,16851,3375,,,,,478,,,,,,,,,,,,,,,,,,,,,,,,,,,,,,,,,,,,,,,,,,,,,,,,,,,,,,,,,,,,,,,,,,,,,,,,,,,
,Cleveland and Whitby,,1979,65488,52423,19818,26735,5870,,,,,,,,,,,,,,,,,,,,,,,,,,,,,,,,,,,,,,,,,,,,,,,,,,,,,,,,,,,,,,,,,,,,,,,,,,,,,,,,
,Clitheroe,,1979,54468,43945,13502,25081,5362,,,,,,,,,,,,,,,,,,,,,,,,,,,,,,,,,,,,,,,,,,,,,,,,,,,,,,,,,,,,,,,,,,,,,,,,,,,,,,,,
,Coatbridge and Airdrie,,1979,60133,45300,27598,12442,,,,5260,,,,,,,,,,,,,,,,,,,,,,,,,,,,,,,,,,,,,,,,,,,,,,,,,,,,,,,,,,,,,,,,,,,,,,,,,,,,,
,Colchester,,1979,90589,69411,22877,36740,9794,,,,,,,,,,,,,,,,,,,,,,,,,,,,,,,,,,,,,,,,,,,,,,,,,,,,,,,,,,,,,,,,,,,,,,,,,,,,,,,,
,Colne Valley,,1979,64139,52501,17799,14450,20151,,,,,,,,,,,,,,,,,,,,,,,,,,,,,,,,,,101,,,,,,,,,,,,,,,,,,,,,,,,,,,,,,,,,,,,,,,,,,,,,,
,Consett,,1979,57547,43597,26708,10841,6048,,,,,,,,,,,,,,,,,,,,,,,,,,,,,,,,,,,,,,,,,,,,,,,,,,,,,,,,,,,,,,,,,,,,,,,,,,,,,,,,
,Conway,,1979,51350,40575,12069,18142,6867,3497,,,,,,,,,,,,,,,,,,,,,,,,,,,,,,,,,,,,,,,,,,,,,,,,,,,,,,,,,,,,,,,,,,,,,,,,,,,,,,,
,Cornwall North,,1979,55076,47411,1514,24489,20742,,,,,224,,442,,,,,,,,,,,,,,,,,,,,,,,,,,,,,,,,,,,,,,,,,,,,,,,,,,,,,,,,,,,,,,,,,,,,,,,,,
,Coventry North East,,1979,64806,47102,27010,16487,2291,,390,,,546,,,,,,,,,,,,,378,,,,,,,,,,,,,,,,,,,,,,,,,,,,,,,,,,,,,,,,,,,,,,,,,,,,,,,,,,,,,,
,Coventry North West,,1979,49008,38819,19460,15489,3413,,,,,359,,,,,,,,,,,,,,,,,,,,,,,,,,,,,98,,,,,,,,,,,,,,,,,,,,,,,,,,,,,,,,,,,,,,,,,,,,,,
,Coventry South East,,1979,50961,35603,19583,12097,2984,,,,,513,,,,,,,,,,,,,426,,,,,,,,,,,,,,,,,,,,,,,,,,,,,,,,,,,,,,,,,,,,,,,,,,,,,,,,,,,,,,
,Coventry South West,,1979,69552,56684,22274,27928,5921,,,,,482,,,,,,,,,,,,,,,,,,,,,,,,,,,,,79,,,,,,,,,,,,,,,,,,,,,,,,,,,,,,,,,,,,,,,,,,,,,,
,Crewe,,1979,59530,46121,22288,18051,5430,,,,,352,,,,,,,,,,,,,,,,,,,,,,,,,,,,,,,,,,,,,,,,,,,,,,,,,,,,,,,,,,,,,,,,,,,,,,,,,,,
,Crosby,,1979,81208,61055,15496,34768,9302,,,,,,,1489,,,,,,,,,,,,,,,,,,,,,,,,,,,,,,,,,,,,,,,,,,,,,,,,,,,,,,,,,,,,,,,,,,,,,,,,,
,Croydon Central,,1979,66629,50422,18499,26457,5112,,,,,,,,,,,,,,,,,,116,,,,,,,,,,,,,,,,,,,,,,,,238,,,,,,,,,,,,,,,,,,,,,,,,,,,,,,,,,,,,,,
,Croydon North East,,1979,57022,42267,14784,21560,5459,,,,,464,,,,,,,,,,,,,,,,,,,,,,,,,,,,,,,,,,,,,,,,,,,,,,,,,,,,,,,,,,,,,,,,,,,,,,,,,,,
,Croydon North West,,1979,55608,40326,16159,19928,4239,,,,,,,,,,,,,,,,,,,,,,,,,,,,,,,,,,,,,,,,,,,,,,,,,,,,,,,,,,,,,,,,,,,,,,,,,,,,,,,,
,Croydon South,,1979,62022,47598,6249,30874,10006,,,,,469,,,,,,,,,,,,,,,,,,,,,,,,,,,,,,,,,,,,,,,,,,,,,,,,,,,,,,,,,,,,,,,,,,,,,,,,,,,
,Dagenham,,1979,67990,46996,24707,14600,5583,,553,,,1553,,,,,,,,,,,,,,,,,,,,,,,,,,,,,,,,,,,,,,,,,,,,,,,,,,,,,,,,,,,,,,,,,,,,,,,,,,,
,Darlington,,1979,63218,49576,22565,21513,5054,,,,,444,,,,,,,,,,,,,,,,,,,,,,,,,,,,,,,,,,,,,,,,,,,,,,,,,,,,,,,,,,,,,,,,,,,,,,,,,,,
,Dartford,,1979,57507,46209,19803,21195,4407,,,,,476,,,,,,,,,,,,,,,,,,,,,,,,,,,,,,,,,,,,,,328,,,,,,,,,,,,,,,,,,,,,,,,,,,,,,,,,,,,,
,Darwen,,1979,75008,58480,17763,30789,9928,,,,,,,,,,,,,,,,,,,,,,,,,,,,,,,,,,,,,,,,,,,,,,,,,,,,,,,,,,,,,,,,,,,,,,,,,,,,,,,,
,Daventry,,1979,90892,73169,19939,41422,11286,,,,,522,,,,,,,,,,,,,,,,,,,,,,,,,,,,,,,,,,,,,,,,,,,,,,,,,,,,,,,,,,,,,,,,,,,,,,,,,,,
,Dearne Valley,,1979,64183,46183,31783,9048,5352,,,,,,,,,,,,,,,,,,,,,,,,,,,,,,,,,,,,,,,,,,,,,,,,,,,,,,,,,,,,,,,,,,,,,,,,,,,,,,,,
,Denbigh,,1979,65902,52707,9276,23683,14833,4915,,,,,,,,,,,,,,,,,,,,,,,,,,,,,,,,,,,,,,,,,,,,,,,,,,,,,,,,,,,,,,,,,,,,,,,,,,,,,,,
,Deptford,,1979,56096,35765,19391,11638,2774,,,,,1490,,,,,,,,,,,,,198,,,,,,,,,,,,,,,,,,,,,,,,,,274,,,,,,,,,,,,,,,,,,,,,,,,,,,,,,,,,,,,
,Derby North,,1979,83580,64181,28797,28583,6093,,,,,592,,,,,,,,,,,,,,,,,,,,,,,,,,,,,,,,,,,,,,,,116,,,,,,,,,,,,,,,,,,,,,,,,,,,,,,,,,,,
,Derby South,,1979,75422,53849,26945,20853,5196,,,,,587,,,,,,,,,,,,,146,,,,,,,,,,,,,,,,,,,,,,,,,,,122,,,,,,,,,,,,,,,,,,,,,,,,,,,,,,,,,,,
,Derbyshire North East,,1979,70767,56543,27218,21889,7436,,,,,,,,,,,,,,,,,,,,,,,,,,,,,,,,,,,,,,,,,,,,,,,,,,,,,,,,,,,,,,,,,,,,,,,,,,,,,,,,
,Derbyshire South East,,1979,57516,46637,16617,24004,5518,,,,,498,,,,,,,,,,,,,,,,,,,,,,,,,,,,,,,,,,,,,,,,,,,,,,,,,,,,,,,,,,,,,,,,,,,,,,,,,,,
,Derbyshire West,,1979,50655,40873,8134,21478,11261,,,,,,,,,,,,,,,,,,,,,,,,,,,,,,,,,,,,,,,,,,,,,,,,,,,,,,,,,,,,,,,,,,,,,,,,,,,,,,,,
,Devizes,,1979,80028,63704,16351,32439,14059,,,,,,,713,,,,,,,,,,,,,,,,,,,,,,,,,,,,,,,,,,,,,,,142,,,,,,,,,,,,,,,,,,,,,,,,,,,,,,,,,,
,Devon North,,1979,77715,63514,7108,31811,23338,,,,,237,,729,,,,,,,,,,,,,,,,,,,,,,,,,,,,,,,,,,,,,,142,50,79,20,,,,,,,,,,,,,,,,,,,,,,,,,,,,,,,,
,Devon West,,1979,61408,48251,6174,29428,12256,,,,,393,,,,,,,,,,,,,,,,,,,,,,,,,,,,,,,,,,,,,,,,,,,,,,,,,,,,,,,,,,,,,,,,,,,,,,,,,,,
,Dewsbury,,1979,63379,48857,22829,18448,7580,,,,,,,,,,,,,,,,,,,,,,,,,,,,,,,,,,,,,,,,,,,,,,,,,,,,,,,,,,,,,,,,,,,,,,,,,,,,,,,,
,Doncaster,,1979,60487,45338,22184,19208,3646,,,,,300,,,,,,,,,,,,,,,,,,,,,,,,,,,,,,,,,,,,,,,,,,,,,,,,,,,,,,,,,,,,,,,,,,,,,,,,,,,
,Don Valley,,1979,95287,71202,39603,22243,8238,,,,,,,,,,,,,,,,,,398,720,,,,,,,,,,,,,,,,,,,,,,,,,,,,,,,,,,,,,,,,,,,,,,,,,,,,,,,,,,,,,
,Dorking,,1979,60630,47213,8970,29003,9240,,,,,,,,,,,,,,,,,,,,,,,,,,,,,,,,,,,,,,,,,,,,,,,,,,,,,,,,,,,,,,,,,,,,,,,,,,,,,,,,
,Dorset North,,1979,80732,64339,7543,40046,16750,,,,,,,,,,,,,,,,,,,,,,,,,,,,,,,,,,,,,,,,,,,,,,,,,,,,,,,,,,,,,,,,,,,,,,,,,,,,,,,,
,Dorset South,,1979,74239,58154,17133,32372,8649,,,,,,,,,,,,,,,,,,,,,,,,,,,,,,,,,,,,,,,,,,,,,,,,,,,,,,,,,,,,,,,,,,,,,,,,,,,,,,,,
,Dorset West,,1979,56658,44662,7999,26281,9676,,,,,514,,,,,,,,,,,,,,,,,,,,,,,,,,,,,,,,,,,,,,,,,192,,,,,,,,,,,,,,,,,,,,,,,,,,,,,,,,,,
,Dover and Deal,,1979,75883,61196,22664,30606,6906,,,,,378,,,,,,,,,,,,,,,,,,,,,,,,,,,,,,,,,,,,,,,,,,,,642,,,,,,,,,,,,,,,,,,,,,,,,,,,,,,,
,Down North,,1979,99861,62081,0,,,,,,,,,,,11728,13364,,,,,,,,,,,,,,,,,,,,,,,,,,,,,,,,,,,,,,,,36989,,,,,,,,,,,,,,,,,,,,,,,,,,,,,,
,Down South,,1979,89562,64476,0,,,,,,,,,,,32254,4407,24033,1853,,1682,,,,,,,,,,,,,,,,,,,,,,,,,,,,,,,,,,,,,216,31,,,,,,,,,,,,,,,,,,,,,,,,,,,,
,Dudley East,,1979,59661,41838,22521,14834,3639,,,,,844,,,,,,,,,,,,,,,,,,,,,,,,,,,,,,,,,,,,,,,,,,,,,,,,,,,,,,,,,,,,,,,,,,,,,,,,,,,
,Dudley West,,1979,77525,59177,29019,30158,,,,,,,,,,,,,,,,,,,,,,,,,,,,,,,,,,,,,,,,,,,,,,,,,,,,,,,,,,,,,,,,,,,,,,,,,,,,,,,,,
,Dulwich,,1979,61259,43139,18557,18435,4759,,,,,920,,468,,,,,,,,,,,,,,,,,,,,,,,,,,,,,,,,,,,,,,,,,,,,,,,,,,,,,,,,,,,,,,,,,,,,,,,,,
,Dumfries,,1979,64311,50220,13700,22704,7169,,,6647,,,,,,,,,,,,,,,,,,,,,,,,,,,,,,,,,,,,,,,,,,,,,,,,,,,,,,,,,,,,,,,,,,,,,,,,,,,,,
,Dunbartonshire Central,,1979,49381,38610,20515,8512,3099,,117,6055,,,,,,,,,,,,,,,,,,,,,,,,,,,,,,,,,,,,,,,,,,,,,,,,,,312,,,,,,,,,,,,,,,,,,,,,,,,,,,
,Dunbartonshire East,,1979,73261,61466,23268,20944,4600,,,12654,,,,,,,,,,,,,,,,,,,,,,,,,,,,,,,,,,,,,,,,,,,,,,,,,,,,,,,,,,,,,,,,,,,,,,,,,,,,,
,Dunbartonshire West,,1979,54507,43710,21166,14709,,,,7835,,,,,,,,,,,,,,,,,,,,,,,,,,,,,,,,,,,,,,,,,,,,,,,,,,,,,,,,,,,,,,,,,,,,,,,,,,,,,
,Dundee East,,1979,64330,49959,17978,9072,2317,,,20497,,,,,,,,,,,,,,,95,,,,,,,,,,,,,,,,,,,,,,,,,,,,,,,,,,,,,,,,,,,,,,,,,,,,,,,,,,,,,,
,Dundee West,,1979,63883,50059,23654,12892,,,316,13197,,,,,,,,,,,,,,,,,,,,,,,,,,,,,,,,,,,,,,,,,,,,,,,,,,,,,,,,,,,,,,,,,,,,,,,,,,,,,
,Dunfermline,,1979,64868,51447,22803,15490,5803,,,7351,,,,,,,,,,,,,,,,,,,,,,,,,,,,,,,,,,,,,,,,,,,,,,,,,,,,,,,,,,,,,,,,,,,,,,,,,,,,,
,Durham,,1979,77463,59131,30903,19666,8562,,,,,,,,,,,,,,,,,,,,,,,,,,,,,,,,,,,,,,,,,,,,,,,,,,,,,,,,,,,,,,,,,,,,,,,,,,,,,,,,
,Durham North West,,1979,63387,48164,29525,14245,4394,,,,,,,,,,,,,,,,,,,,,,,,,,,,,,,,,,,,,,,,,,,,,,,,,,,,,,,,,,,,,,,,,,,,,,,,,,,,,,,,
,Ealing North,,1979,76805,59777,26044,27524,5162,,,,,1047,,,,,,,,,,,,,,,,,,,,,,,,,,,,,,,,,,,,,,,,,,,,,,,,,,,,,,,,,,,,,,,,,,,,,,,,,,,
,Easington,,1979,65242,48497,29537,11981,6979,,,,,,,,,,,,,,,,,,,,,,,,,,,,,,,,,,,,,,,,,,,,,,,,,,,,,,,,,,,,,,,,,,,,,,,,,,,,,,,,
,Eastbourne,,1979,76880,58951,10166,37168,11084,,,,,533,,,,,,,,,,,,,,,,,,,,,,,,,,,,,,,,,,,,,,,,,,,,,,,,,,,,,,,,,,,,,,,,,,,,,,,,,,,
,East Grinstead,,1979,59124,45577,6196,28279,11102,,,,,,,,,,,,,,,,,,,,,,,,,,,,,,,,,,,,,,,,,,,,,,,,,,,,,,,,,,,,,,,,,,,,,,,,,,,,,,,,
,East Kilbride,,1979,73094,58277,31401,17128,,,658,9090,,,,,,,,,,,,,,,,,,,,,,,,,,,,,,,,,,,,,,,,,,,,,,,,,,,,,,,,,,,,,,,,,,,,,,,,,,,,,
,Eastleigh,,1979,85400,68881,18222,38516,12143,,,,,,,,,,,,,,,,,,,,,,,,,,,,,,,,,,,,,,,,,,,,,,,,,,,,,,,,,,,,,,,,,,,,,,,,,,,,,,,,
,Ebbw Vale,,1979,36207,28931,20028,3937,3082,1884,,,,,,,,,,,,,,,,,,,,,,,,,,,,,,,,,,,,,,,,,,,,,,,,,,,,,,,,,,,,,,,,,,,,,,,,,,,,,,,
,Eccles,,1979,58496,45317,24280,16221,4448,,368,,,,,,,,,,,,,,,,,,,,,,,,,,,,,,,,,,,,,,,,,,,,,,,,,,,,,,,,,,,,,,,,,,,,,,,,,,,,,,
,Edinburgh Central,,1979,37740,25479,12191,7530,3096,,,2486,,,,,,,,,,,,176,,,,,,,,,,,,,,,,,,,,,,,,,,,,,,,,,,,,,,,,,,,,,,,,,,,,,,,,,,,,,,,,,
,Edinburgh East,,1979,57473,43730,23477,14660,,,173,5296,,,,,,,,,,,,,,,124,,,,,,,,,,,,,,,,,,,,,,,,,,,,,,,,,,,,,,,,,,,,,,,,,,,,,,,,,,,,,,
,Edinburgh Leith,,1979,37204,27993,12961,8944,3382,,,2706,,,,,,,,,,,,,,,,,,,,,,,,,,,,,,,,,,,,,,,,,,,,,,,,,,,,,,,,,,,,,,,,,,,,,,,,,,,,,
,Edinburgh North,,1979,45303,32509,9773,14170,5045,,,3521,,,,,,,,,,,,,,,,,,,,,,,,,,,,,,,,,,,,,,,,,,,,,,,,,,,,,,,,,,,,,,,,,,,,,,,,,,,,,
,Edinburgh Pentlands,,1979,58652,45023,16486,17684,5919,,,4934,,,,,,,,,,,,,,,,,,,,,,,,,,,,,,,,,,,,,,,,,,,,,,,,,,,,,,,,,,,,,,,,,,,,,,,,,,,,,
,Edinburgh South,,1979,58556,45264,15526,17986,7400,,,3800,,,,552,,,,,,,,,,,,,,,,,,,,,,,,,,,,,,,,,,,,,,,,,,,,,,,,,,,,,,,,,,,,,,,,,,,,,,,,,
,Edinburgh West,,1979,54727,42603,12009,19360,7330,,,3904,,,,,,,,,,,,,,,,,,,,,,,,,,,,,,,,,,,,,,,,,,,,,,,,,,,,,,,,,,,,,,,,,,,,,,,,,,,,,
,Edmonton,,1979,58860,43935,20713,18733,3276,,,,,1213,,,,,,,,,,,,,,,,,,,,,,,,,,,,,,,,,,,,,,,,,,,,,,,,,,,,,,,,,,,,,,,,,,,,,,,,,,,
,Enfield North,,1979,66427,51868,21444,24927,4681,,,,,816,,,,,,,,,,,,,,,,,,,,,,,,,,,,,,,,,,,,,,,,,,,,,,,,,,,,,,,,,,,,,,,,,,,,,,,,,,,
,Epping Forest,,1979,66723,51079,13994,29447,6528,,,,,1110,,,,,,,,,,,,,,,,,,,,,,,,,,,,,,,,,,,,,,,,,,,,,,,,,,,,,,,,,,,,,,,,,,,,,,,,,,,
,Epsom and Ewell,,1979,82126,63165,11315,39104,12746,,,,,,,,,,,,,,,,,,,,,,,,,,,,,,,,,,,,,,,,,,,,,,,,,,,,,,,,,,,,,,,,,,,,,,,,,,,,,,,,
,Erith and Crayford,,1979,61350,47517,22450,19717,4512,,,,,838,,,,,,,,,,,,,,,,,,,,,,,,,,,,,,,,,,,,,,,,,,,,,,,,,,,,,,,,,,,,,,,,,,,,,,,,,,,
,Esher,,1979,47860,37097,5634,24152,7311,,,,,,,,,,,,,,,,,,,,,,,,,,,,,,,,,,,,,,,,,,,,,,,,,,,,,,,,,,,,,,,,,,,,,,,,,,,,,,,,
,Essex South East,,1979,82350,63320,15965,40497,6858,,,,,,,,,,,,,,,,,,,,,,,,,,,,,,,,,,,,,,,,,,,,,,,,,,,,,,,,,,,,,,,,,,,,,,,,,,,,,,,,
,Eton and Slough,,1979,64916,48636,20710,19370,5254,,,,,943,,,,,,,,,,,,,,,,,,,,,,,,,,,,,,,,,,,,,2359,,,,,,,,,,,,,,,,,,,,,,,,,,,,,,,,,,,,,,
,Exeter,,1979,68825,56128,19146,27173,8756,,,,,,,1053,,,,,,,,,,,,,,,,,,,,,,,,,,,,,,,,,,,,,,,,,,,,,,,,,,,,,,,,,,,,,,,,,,,,,,,,,
,Eye,,1979,69843,55244,13686,28707,12259,,,,,,,,,,,,,,,,,,,,,,,,,,,,,,,,,324,,,,,,,,,,,,,,,,,,,,,268,,,,,,,,,,,,,,,,,,,,,,,,,,
,Falmouth and Camborne,,1979,69705,53852,13923,30523,7489,,,,,280,,,,,,,,,,,,,,,,,,,,,,,1637,,,,,,,,,,,,,,,,,,,,,,,,,,,,,,,,,,,,,,,,,,,,,,,,,,,,
,Fareham,,1979,61612,48708,8041,28730,11685,,,,,252,,,,,,,,,,,,,,,,,,,,,,,,,,,,,,,,,,,,,,,,,,,,,,,,,,,,,,,,,,,,,,,,,,,,,,,,,,,
,Farnham,,1979,66607,51656,7497,30127,13658,,,,,,,,,,,,,,,,,,,,,,,,,,,,,,,,,,,,,,,,,170,,,,,,,,,,,,,,204,,,,,,,,,,,,,,,,,,,,,,,,,
,Farnworth,,1979,71844,55866,27965,19858,8043,,,,,,,,,,,,,,,,,,,,,,,,,,,,,,,,,,,,,,,,,,,,,,,,,,,,,,,,,,,,,,,,,,,,,,,,,,,,,,,,
,Faversham,,1979,78509,61652,21351,33513,6349,,,,,439,,,,,,,,,,,,,,,,,,,,,,,,,,,,,,,,,,,,,,,,,,,,,,,,,,,,,,,,,,,,,,,,,,,,,,,,,,,
,Feltham and Heston,,1979,79873,59362,28675,24570,5051,,,,,898,,,,,,,,,,,,,168,,,,,,,,,,,,,,,,,,,,,,,,,,,,,,,,,,,,,,,,,,,,,,,,,,,,,,,,,,,,,,
,Fermanagh and South Tyrone,,1979,71481,62171,0,,,,,,,,,,,17411,1070,10685,,,,,,,,,,,,,,,,,,,,,,22398,,,,,,,,,,,,,,,,,,,,,,,10607,,,,,,,,,,,,,,,,,,,,,,,,
,Fife Central,,1979,61476,47596,27619,9597,,,1172,9208,,,,,,,,,,,,,,,,,,,,,,,,,,,,,,,,,,,,,,,,,,,,,,,,,,,,,,,,,,,,,,,,,,,,,,,,,,,,,
,Fife East,,1979,59297,46830,9339,20117,10762,,,6612,,,,,,,,,,,,,,,,,,,,,,,,,,,,,,,,,,,,,,,,,,,,,,,,,,,,,,,,,,,,,,,,,,,,,,,,,,,,,
,Finchley,,1979,55468,39832,13040,20918,5254,,,,,534,,,,,,,,,,,,,,,,,,,,,,,,,,,,,,,,,,,,,,,,,,,,,,,,,,,,86,,,,,,,,,,,,,,,,,,,,,,,
,Flint East,,1979,74262,60696,29339,23116,6736,1198,307,,,,,,,,,,,,,,,,,,,,,,,,,,,,,,,,,,,,,,,,,,,,,,,,,,,,,,,,,,,,,,,,,,,,,,,,,,,,,,
,Flint West,,1979,68418,53671,16678,26364,9009,1620,,,,,,,,,,,,,,,,,,,,,,,,,,,,,,,,,,,,,,,,,,,,,,,,,,,,,,,,,,,,,,,,,,,,,,,,,,,,,,,
,Folkestone and Hythe,,1979,66297,48147,10015,26837,10817,,,,,478,,,,,,,,,,,,,,,,,,,,,,,,,,,,,,,,,,,,,,,,,,,,,,,,,,,,,,,,,,,,,,,,,,,,,,,,,,,
,Fulham,,1979,57018,43380,18750,20249,3882,,,,,499,,,,,,,,,,,,,,,,,,,,,,,,,,,,,,,,,,,,,,,,,,,,,,,,,,,,,,,,,,,,,,,,,,,,,,,,,,,
,Fylde North,,1979,78130,59853,14376,36366,8630,,,,,481,,,,,,,,,,,,,,,,,,,,,,,,,,,,,,,,,,,,,,,,,,,,,,,,,,,,,,,,,,,,,,,,,,,,,,,,,,,
,Fylde South,,1979,94335,72398,13636,45883,11938,,,,,941,,,,,,,,,,,,,,,,,,,,,,,,,,,,,,,,,,,,,,,,,,,,,,,,,,,,,,,,,,,,,,,,,,,,,,,,,,,
,Gainsborough,,1979,65654,51830,10335,24040,16885,,,,,,,,,,,,,,,,,,,,,,,,,,,,,,,,,,,,,,,,,,570,,,,,,,,,,,,,,,,,,,,,,,,,,,,,,,,,,,,,,
,Galloway,,1979,41110,33383,2841,15306,2852,,,12384,,,,,,,,,,,,,,,,,,,,,,,,,,,,,,,,,,,,,,,,,,,,,,,,,,,,,,,,,,,,,,,,,,,,,,,,,,,,,
,Gateshead East,,1979,62475,47055,28776,14078,4201,,,,,,,,,,,,,,,,,,,,,,,,,,,,,,,,,,,,,,,,,,,,,,,,,,,,,,,,,,,,,,,,,,,,,,,,,,,,,,,,
,Gateshead West,,1979,29037,20125,13533,5221,1185,,,,,186,,,,,,,,,,,,,,,,,,,,,,,,,,,,,,,,,,,,,,,,,,,,,,,,,,,,,,,,,,,,,,,,,,,,,,,,,,,
,Gillingham,,1979,63951,50423,16292,26791,6219,,,,,528,,501,,,,,,,,,,,92,,,,,,,,,,,,,,,,,,,,,,,,,,,,,,,,,,,,,,,,,,,,,,,,,,,,,,,,,,,,,,
,Glasgow Cathcart,,1979,48574,38195,17550,15950,,,,2653,,,,,,,,,,,,,,,,,,,,,,,,,,,,,,,,,,,,,,,,,,,,,,,,,,,,,,,,,,,,,,,,,,,,,,,,,,,,,
,Glasgow Central,,1979,19826,11787,8542,1937,,,,1308,,,,,,,,,,,,,,,,,,,,,,,,,,,,,,,,,,,,,,,,,,,,,,,,,,,,,,,,,,,,,,,,,,,,,,,,,,,,,
,Glasgow Craigton,,1979,44326,33313,19952,9480,,,,3881,,,,,,,,,,,,,,,,,,,,,,,,,,,,,,,,,,,,,,,,,,,,,,,,,,,,,,,,,,,,,,,,,,,,,,,,,,,,,
,Glasgow Garscadden,,1979,52440,38370,23591,8393,,,374,6012,,,,,,,,,,,,,,,,,,,,,,,,,,,,,,,,,,,,,,,,,,,,,,,,,,,,,,,,,,,,,,,,,,,,,,,,,,,,,
,Glasgow Govan,,1979,24894,17204,11676,3188,,,,2340,,,,,,,,,,,,,,,,,,,,,,,,,,,,,,,,,,,,,,,,,,,,,,,,,,,,,,,,,,,,,,,,,,,,,,,,,,,,,
,Glasgow Hillhead,,1979,39793,30133,10366,12368,4349,,,3050,,,,,,,,,,,,,,,,,,,,,,,,,,,,,,,,,,,,,,,,,,,,,,,,,,,,,,,,,,,,,,,,,,,,,,,,,,,,,
,Glasgow Kelvingrove,,1979,33701,22118,11133,6374,2412,,,2199,,,,,,,,,,,,,,,,,,,,,,,,,,,,,,,,,,,,,,,,,,,,,,,,,,,,,,,,,,,,,,,,,,,,,,,,,,,,,
,Glasgow Maryhill,,1979,50434,34139,22602,5106,2332,,287,3812,,,,,,,,,,,,,,,,,,,,,,,,,,,,,,,,,,,,,,,,,,,,,,,,,,,,,,,,,,,,,,,,,,,,,,,,,,,,,
,Glasgow Pollok,,1979,59032,43454,21420,12928,3946,,,4187,,869,,,,,,,,,,,,,,,,,,,,,,,,,,,,,,,,,,,,,,,,,,,,,,,,,,,,104,,,,,,,,,,,,,,,,,,,,,,,
,Glasgow Provan,,1979,52482,34659,24083,5239,,,377,4767,,,,,,,,,,,,,,,193,,,,,,,,,,,,,,,,,,,,,,,,,,,,,,,,,,,,,,,,,,,,,,,,,,,,,,,,,,,,,,
,Glasgow Queen's Park,,1979,34332,23492,15120,5642,,,263,2276,,,,,,,,,,,,,,,99,,,,,,92,,,,,,,,,,,,,,,,,,,,,,,,,,,,,,,,,,,,,,,,,,,,,,,,,,,,,,,,
,Glasgow Shettleston,,1979,31910,21771,13955,4794,,,,3022,,,,,,,,,,,,,,,,,,,,,,,,,,,,,,,,,,,,,,,,,,,,,,,,,,,,,,,,,,,,,,,,,,,,,,,,,,,,,
,Glasgow Springburn,,1979,30000,28558,18871,6100,,,,3587,,,,,,,,,,,,,,,,,,,,,,,,,,,,,,,,,,,,,,,,,,,,,,,,,,,,,,,,,,,,,,,,,,,,,,,,,,,,,
,Gloucester,,1979,64958,51650,18747,25163,7213,,,,,527,,,,,,,,,,,,,,,,,,,,,,,,,,,,,,,,,,,,,,,,,,,,,,,,,,,,,,,,,,,,,,,,,,,,,,,,,,,
,Gloucestershire South,,1979,84867,69637,20465,35627,12850,,,,,,,695,,,,,,,,,,,,,,,,,,,,,,,,,,,,,,,,,,,,,,,,,,,,,,,,,,,,,,,,,,,,,,,,,,,,,,,,,
,Gloucestershire West,,1979,70104,58832,24009,28183,6370,,,,,270,,,,,,,,,,,,,,,,,,,,,,,,,,,,,,,,,,,,,,,,,,,,,,,,,,,,,,,,,,,,,,,,,,,,,,,,,,,
,Goole,,1979,66042,48105,27690,16439,3976,,,,,,,,,,,,,,,,,,,,,,,,,,,,,,,,,,,,,,,,,,,,,,,,,,,,,,,,,,,,,,,,,,,,,,,,,,,,,,,,
,Gosport,,1979,51318,39754,10460,24553,4741,,,,,,,,,,,,,,,,,,,,,,,,,,,,,,,,,,,,,,,,,,,,,,,,,,,,,,,,,,,,,,,,,,,,,,,,,,,,,,,,
,Gower,,1979,58023,46887,24963,14322,4245,3357,,,,,,,,,,,,,,,,,,,,,,,,,,,,,,,,,,,,,,,,,,,,,,,,,,,,,,,,,,,,,,,,,,,,,,,,,,,,,,,
,Grantham,,1979,84479,66096,18547,36697,10852,,,,,,,,,,,,,,,,,,,,,,,,,,,,,,,,,,,,,,,,,,,,,,,,,,,,,,,,,,,,,,,,,,,,,,,,,,,,,,,,
,Gravesend,,1979,88895,72358,28246,37592,5917,,,,,603,,,,,,,,,,,,,,,,,,,,,,,,,,,,,,,,,,,,,,,,,,,,,,,,,,,,,,,,,,,,,,,,,,,,,,,,,,,
,Greenock and Port Glasgow,,1979,61610,45397,24071,4926,12789,,,3435,,,,,,,,,,,,,,,176,,,,,,,,,,,,,,,,,,,,,,,,,,,,,,,,,,,,,,,,,,,,,,,,,,,,,,,,,,,,,,
,Greenwich,,1979,51519,36389,18975,12133,3870,,,,,951,,,,,,,,,,,,,,,,,,,,,,,,,,,,,,,,,,,,,,,,,,,,,,,,,,,,,460,,,,,,,,,,,,,,,,,,,,,,
,Grimsby,,1979,66644,50511,26282,20041,3837,,,,,137,,,,,,,,,,,,,,,,,,,,,,,,,,,,,,,,,,,,,,,,,,,,,,,,,,,,,,214,,,,,,,,,,,,,,,,,,,,,
,Guildford,,1979,73251,55189,11689,31595,11673,,,,,,,,,,,,,,,,,,,,,,,,,,,,,,,,,,,,,,,,,,,,,,,,,,,,,,,,,,,,232,,,,,,,,,,,,,,,,,,,,
,Hackney Central,,1979,46464,27953,16506,7718,1835,,340,,,1418,,,,,,,,,,,,,136,,,,,,,,,,,,,,,,,,,,,,,,,,,,,,,,,,,,,,,,,,,,,,,,,,,,,,,,,,,,,,
,Hackney North and Stoke Newington,,1979,46776,28488,14688,9467,3033,,440,,,860,,,,,,,,,,,,,,,,,,,,,,,,,,,,,,,,,,,,,,,,,,,,,,,,,,,,,,,,,,,,,,,,,,,,,,,,,,,
,Hackney South and Shoreditch,,1979,43090,25888,14016,7312,2387,,,,,1958,,,,,,,,,,,,,215,,,,,,,,,,,,,,,,,,,,,,,,,,,,,,,,,,,,,,,,,,,,,,,,,,,,,,,,,,,,,,
,Halesowen and Stourbridge,,1979,84534,67047,24282,33247,8597,,,,,921,,,,,,,,,,,,,,,,,,,,,,,,,,,,,,,,,,,,,,,,,,,,,,,,,,,,,,,,,,,,,,,,,,,,,,,,,,,
,Halifax,,1979,63768,48906,21416,20182,6853,,,,,455,,,,,,,,,,,,,,,,,,,,,,,,,,,,,,,,,,,,,,,,,,,,,,,,,,,,,,,,,,,,,,,,,,,,,,,,,,,
,Haltemprice,,1979,80058,61905,12743,34525,14637,,,,,,,,,,,,,,,,,,,,,,,,,,,,,,,,,,,,,,,,,,,,,,,,,,,,,,,,,,,,,,,,,,,,,,,,,,,,,,,,
,Hamilton,,1979,51802,41229,24593,9794,,,,6842,,,,,,,,,,,,,,,,,,,,,,,,,,,,,,,,,,,,,,,,,,,,,,,,,,,,,,,,,,,,,,,,,,,,,,,,,,,,,
,Hammersmith North,,1979,50821,35778,17241,13735,4147,,,,,462,,,,,,,,,,,,,193,,,,,,,,,,,,,,,,,,,,,,,,,,,,,,,,,,,,,,,,,,,,,,,,,,,,,,,,,,,,,,
,Hampstead,,1979,64004,43147,16729,20410,5753,,,,,255,,,,,,,,,,,,,,,,,,,,,,,,,,,,,,,,,,,,,,,,,,,,,,,,,,,,,,,,,,,,,,,,,,,,,,,,,,,
,Harborough,,1979,68989,55209,11350,33328,9529,,,,,1002,,,,,,,,,,,,,,,,,,,,,,,,,,,,,,,,,,,,,,,,,,,,,,,,,,,,,,,,,,,,,,,,,,,,,,,,,,,
,Harlow,,1979,67494,53133,22698,21306,8289,,,,,840,,,,,,,,,,,,,,,,,,,,,,,,,,,,,,,,,,,,,,,,,,,,,,,,,,,,,,,,,,,,,,,,,,,,,,,,,,,
,Harrogate,,1979,69182,51378,8221,30551,12021,,,,,585,,,,,,,,,,,,,,,,,,,,,,,,,,,,,,,,,,,,,,,,,,,,,,,,,,,,,,,,,,,,,,,,,,,,,,,,,,,
,Harrow Central,,1979,44747,33963,12124,16627,4785,,,,,427,,,,,,,,,,,,,,,,,,,,,,,,,,,,,,,,,,,,,,,,,,,,,,,,,,,,,,,,,,,,,,,,,,,,,,,,,,,
,Harrow East,,1979,49354,38420,12993,20871,3984,,,,,572,,,,,,,,,,,,,,,,,,,,,,,,,,,,,,,,,,,,,,,,,,,,,,,,,,,,,,,,,,,,,,,,,,,,,,,,,,,
,Harrow West,,1979,56907,44797,10794,26007,7350,,,,,646,,,,,,,,,,,,,,,,,,,,,,,,,,,,,,,,,,,,,,,,,,,,,,,,,,,,,,,,,,,,,,,,,,,,,,,,,,,
,Hartlepool,,1979,65732,49109,27039,18877,3193,,,,,,,,,,,,,,,,,,,,,,,,,,,,,,,,,,,,,,,,,,,,,,,,,,,,,,,,,,,,,,,,,,,,,,,,,,,,,,,,
,Harwich,,1979,92908,69374,16998,37685,14094,,,,,597,,,,,,,,,,,,,,,,,,,,,,,,,,,,,,,,,,,,,,,,,,,,,,,,,,,,,,,,,,,,,,,,,,,,,,,,,,,
,Hastings,,1979,57699,41360,12392,21311,6474,,,,,344,,,,,,,,,,,,,,,,,,,,,,,,,,,,839,,,,,,,,,,,,,,,,,,,,,,,,,,,,,,,,,,,,,,,,,,,,,,,
,Havant and Waterloo,,1979,82116,62094,15240,35580,11274,,,,,,,,,,,,,,,,,,,,,,,,,,,,,,,,,,,,,,,,,,,,,,,,,,,,,,,,,,,,,,,,,,,,,,,,,,,,,,,,
,Hayes and Harlington,,1979,56165,42129,20350,17048,3900,,249,,,582,,,,,,,,,,,,,,,,,,,,,,,,,,,,,,,,,,,,,,,,,,,,,,,,,,,,,,,,,,,,,,,,,,,,,,,,,,,
,Hazel Grove,,1979,70005,58414,8846,32420,17148,,,,,,,,,,,,,,,,,,,,,,,,,,,,,,,,,,,,,,,,,,,,,,,,,,,,,,,,,,,,,,,,,,,,,,,,,,,,,,,,
,Hemel Hempstead,,1979,91843,77880,32964,37953,6314,,,,,649,,,,,,,,,,,,,,,,,,,,,,,,,,,,,,,,,,,,,,,,,,,,,,,,,,,,,,,,,,,,,,,,,,,,,,,,,,,
,Hemsworth,,1979,71581,52449,36509,10466,5474,,,,,,,,,,,,,,,,,,,,,,,,,,,,,,,,,,,,,,,,,,,,,,,,,,,,,,,,,,,,,,,,,,,,,,,,,,,,,,,,
,Hendon North,,1979,54036,39891,14374,20766,4113,,,,,638,,,,,,,,,,,,,,,,,,,,,,,,,,,,,,,,,,,,,,,,,,,,,,,,,,,,,,,,,,,,,,,,,,,,,,,,,,,
,Hendon South,,1979,53954,37864,11231,19981,5799,,,,,290,,563,,,,,,,,,,,,,,,,,,,,,,,,,,,,,,,,,,,,,,,,,,,,,,,,,,,,,,,,,,,,,,,,,,,,,,,,,
,Henley,,1979,65933,51110,9435,29982,11693,,,,,,,,,,,,,,,,,,,,,,,,,,,,,,,,,,,,,,,,,,,,,,,,,,,,,,,,,,,,,,,,,,,,,,,,,,,,,,,,
,Hereford,,1979,61447,48204,7150,23012,18042,,,,,,,,,,,,,,,,,,,,,,,,,,,,,,,,,,,,,,,,,,,,,,,,,,,,,,,,,,,,,,,,,,,,,,,,,,,,,,,,
,Hertford and Stevenage,,1979,87623,70423,30443,31739,7660,,,,,581,,,,,,,,,,,,,,,,,,,,,,,,,,,,,,,,,,,,,,,,,,,,,,,,,,,,,,,,,,,,,,,,,,,,,,,,,,,
,Hertfordshire East,,1979,96327,74950,20139,41599,11393,,,,,1819,,,,,,,,,,,,,,,,,,,,,,,,,,,,,,,,,,,,,,,,,,,,,,,,,,,,,,,,,,,,,,,,,,,,,,,,,,,
,Hertfordshire South,,1979,65198,51522,16059,27857,7001,,,,,605,,,,,,,,,,,,,,,,,,,,,,,,,,,,,,,,,,,,,,,,,,,,,,,,,,,,,,,,,,,,,,,,,,,,,,,,,,,
,Hertfordshire South West,,1979,75930,60543,16784,33112,9808,,,,,839,,,,,,,,,,,,,,,,,,,,,,,,,,,,,,,,,,,,,,,,,,,,,,,,,,,,,,,,,,,,,,,,,,,,,,,,,,,
,Hexham,,1979,66798,53115,16935,25483,10697,,,,,,,,,,,,,,,,,,,,,,,,,,,,,,,,,,,,,,,,,,,,,,,,,,,,,,,,,,,,,,,,,,,,,,,,,,,,,,,,
,Heywood and Royton,,1979,82199,62976,28489,26202,7644,,,,,641,,,,,,,,,,,,,,,,,,,,,,,,,,,,,,,,,,,,,,,,,,,,,,,,,,,,,,,,,,,,,,,,,,,,,,,,,,,
,High Peak,,1979,59323,48509,17777,22532,8200,,,,,,,,,,,,,,,,,,,,,,,,,,,,,,,,,,,,,,,,,,,,,,,,,,,,,,,,,,,,,,,,,,,,,,,,,,,,,,,,
,Hitchin,,1979,76807,63125,19940,33169,8224,,,,,881,,911,,,,,,,,,,,,,,,,,,,,,,,,,,,,,,,,,,,,,,,,,,,,,,,,,,,,,,,,,,,,,,,,,,,,,,,,,
,Holborn and St. Pancras South,,1979,40376,24387,12026,9703,2190,,,,,334,,,,,,,,,,,,,134,,,,,,,,,,,,,,,,,,,,,,,,,,,,,,,,,,,,,,,,,,,,,,,,,,,,,,,,,,,,,,
,Holland with Boston,,1979,85578,63828,17908,35440,10480,,,,,,,,,,,,,,,,,,,,,,,,,,,,,,,,,,,,,,,,,,,,,,,,,,,,,,,,,,,,,,,,,,,,,,,,,,,,,,,,
,Honiton,,1979,78303,60612,8756,37832,12601,,,,,,,1423,,,,,,,,,,,,,,,,,,,,,,,,,,,,,,,,,,,,,,,,,,,,,,,,,,,,,,,,,,,,,,,,,,,,,,,,,
,Horncastle,,1979,51531,38754,6240,21362,10833,,,,,319,,,,,,,,,,,,,,,,,,,,,,,,,,,,,,,,,,,,,,,,,,,,,,,,,,,,,,,,,,,,,,,,,,,,,,,,,,,
,Hornchurch,,1979,60865,47562,20571,21340,4657,,,,,994,,,,,,,,,,,,,,,,,,,,,,,,,,,,,,,,,,,,,,,,,,,,,,,,,,,,,,,,,,,,,,,,,,,,,,,,,,,
,Hornsey,,1979,58409,40964,16188,20225,4058,,,,,337,,,,,,,,,,,,,,,,,,,,,,,,,,,,,,,,,,,,,156,,,,,,,,,,,,,,,,,,,,,,,,,,,,,,,,,,,,,,
,Horsham and Crawley,,1979,100059,81450,27508,42529,10920,,,,,493,,,,,,,,,,,,,,,,,,,,,,,,,,,,,,,,,,,,,,,,,,,,,,,,,,,,,,,,,,,,,,,,,,,,,,,,,,,
,Houghton-le-Spring,,1979,60491,44091,30181,9105,4479,,,,,,,,,,,,,,,,,,326,,,,,,,,,,,,,,,,,,,,,,,,,,,,,,,,,,,,,,,,,,,,,,,,,,,,,,,,,,,,,,
,Hove,,1979,70318,50342,10807,30256,8771,,,,,508,,,,,,,,,,,,,,,,,,,,,,,,,,,,,,,,,,,,,,,,,,,,,,,,,,,,,,,,,,,,,,,,,,,,,,,,,,,
,Howden,,1979,63708,47383,8827,26550,12006,,,,,,,,,,,,,,,,,,,,,,,,,,,,,,,,,,,,,,,,,,,,,,,,,,,,,,,,,,,,,,,,,,,,,,,,,,,,,,,,
,Huddersfield East,,1979,53983,40118,19040,15945,4890,,,,,,,,,,,,,,,,,,,,,,,,,,,,,,,,,243,,,,,,,,,,,,,,,,,,,,,,,,,,,,,,,,,,,,,,,,,,,,,,,
,Huddersfield West,,1979,55066,41826,16996,18504,6225,,,,,,,,,,,,,,,,,,,,,,,,,,,,,,,,,,101,,,,,,,,,,,,,,,,,,,,,,,,,,,,,,,,,,,,,,,,,,,,,,
,Hull Central,,1979,60801,42808,22318,14725,5069,,,,,422,,,,,,,,,,,,,,,,,,,274,,,,,,,,,,,,,,,,,,,,,,,,,,,,,,,,,,,,,,,,,,,,,,,,,,,,,,,,
,Hull East,,1979,89023,63047,39411,15719,7543,,,,,374,,,,,,,,,,,,,,,,,,,,,,,,,,,,,,,,,,,,,,,,,,,,,,,,,,,,,,,,,,,,,,,,,,,,,,,,,,,
,Hull West,,1979,52489,35409,19750,11592,3656,,,,,411,,,,,,,,,,,,,,,,,,,,,,,,,,,,,,,,,,,,,,,,,,,,,,,,,,,,,,,,,,,,,,,,,,,,,,,,,,,
,Huntingdonshire,,1979,93862,72618,18630,40193,12812,,,,,983,,,,,,,,,,,,,,,,,,,,,,,,,,,,,,,,,,,,,,,,,,,,,,,,,,,,,,,,,,,,,,,,,,,,,,,,,,,
,Huyton,,1979,73006,52864,27449,19939,5476,,,,,,,,,,,,,,,,,,,,,,,,,,,,,,,,,,,,,,,,,,,,,,,,,,,,,,,,,,,,,,,,,,,,,,,,,,,,,,,,
,Ilford North,,1979,65052,51391,19186,26381,4568,,,,,804,,,,,,,,,,,,,,,,,,,,,,,,,,,,,,,,,,,,,452,,,,,,,,,,,,,,,,,,,,,,,,,,,,,,,,,,,,,,
,Ilford South,,1979,54295,41192,17602,19290,3664,,,,,636,,,,,,,,,,,,,,,,,,,,,,,,,,,,,,,,,,,,,,,,,,,,,,,,,,,,,,,,,,,,,,,,,,,,,,,,,,,
,Ilkeston,,1979,75305,58799,29760,21160,7879,,,,,,,,,,,,,,,,,,,,,,,,,,,,,,,,,,,,,,,,,,,,,,,,,,,,,,,,,,,,,,,,,,,,,,,,,,,,,,,,
,Ince,,1979,83019,61598,34599,20263,6294,,,,,,,,,,,,,,,,,,442,,,,,,,,,,,,,,,,,,,,,,,,,,,,,,,,,,,,,,,,,,,,,,,,,,,,,,,,,,,,,,
,Inverness,,1979,62561,46576,9586,11559,15716,,,9603,,,,,,,,,,,,,,,,,,,,,,,,,,,,,,,,,,,,,,,,,,,,,,,,,,,,,,,,,,112,,,,,,,,,,,,,,,,,,,
,Ipswich,,1979,88470,71483,34444,30703,5772,,,,,449,,,,,,,,,,,,,115,,,,,,,,,,,,,,,,,,,,,,,,,,,,,,,,,,,,,,,,,,,,,,,,,,,,,,,,,,,,,,
,Isle of Ely,,1979,69954,56531,7067,23067,26397,,,,,,,,,,,,,,,,,,,,,,,,,,,,,,,,,,,,,,,,,,,,,,,,,,,,,,,,,,,,,,,,,,,,,,,,,,,,,,,,
,Isle of Wight,,1979,90961,74440,3014,35537,35889,,,,,,,,,,,,,,,,,,,,,,,,,,,,,,,,,,,,,,,,,,,,,,,,,,,,,,,,,,,,,,,,,,,,,,,,,,,,,,,,
,Islington Central,,1979,40884,26040,13415,9276,2242,,,,,797,,310,,,,,,,,,,,,,,,,,,,,,,,,,,,,,,,,,,,,,,,,,,,,,,,,,,,,,,,,,,,,,,,,,,,,,,,,,
,Islington North,,1979,38253,23413,12317,7861,2079,,,,,501,,,,,,,,,,,,,217,,,,,,438,,,,,,,,,,,,,,,,,,,,,,,,,,,,,,,,,,,,,,,,,,,,,,,,,,,,,,,,
,Islington South and Finsbury,,1979,38427,24177,12581,8237,1991,,330,,,824,,,,,,,,,,,,,,,,,,,,,,,,,136,,,,,,,,,,,,,,,,,,,,,,,,,,,,,,,,78,,,,,,,,,,,,,,,,,,
,Jarrow,,1979,55619,43104,24057,12529,3907,,,,,,,,,,,,,,,,,,374,,,,,,,,,,,,,,,,,,,,,,,,,,,,,,,,,,,,,,,,,,,,,2237,,,,,,,,,,,,,,,,,
,Keighley,,1979,54428,43822,19698,19620,4062,,,,,234,,208,,,,,,,,,,,,,,,,,,,,,,,,,,,,,,,,,,,,,,,,,,,,,,,,,,,,,,,,,,,,,,,,,,,,,,,,,
,Kensington,,1979,52396,33850,11898,17361,3537,,,,,356,,698,,,,,,,,,,,,,,,,,,,,,,,,,,,,,,,,,,,,,,,,,,,,,,,,,,,,,,,,,,,,,,,,,,,,,,,,,
,Kettering,,1979,88396,70104,31579,30101,8424,,,,,,,,,,,,,,,,,,,,,,,,,,,,,,,,,,,,,,,,,,,,,,,,,,,,,,,,,,,,,,,,,,,,,,,,,,,,,,,,
,Kidderminster,,1979,80434,62385,17871,33523,9939,,,,,1052,,,,,,,,,,,,,,,,,,,,,,,,,,,,,,,,,,,,,,,,,,,,,,,,,,,,,,,,,,,,,,,,,,,,,,,,,,,
,Kilmarnock,,1979,60351,48932,25718,14251,,,,8963,,,,,,,,,,,,,,,,,,,,,,,,,,,,,,,,,,,,,,,,,,,,,,,,,,,,,,,,,,,,,,,,,,,,,,,,,,,,,
,Kingston upon Thames,,1979,57572,43115,11400,24944,6771,,,,,,,,,,,,,,,,,,,,,,,,,,,,,,,,,,,,,,,,,,,,,,,,,,,,,,,,,,,,,,,,,,,,,,,,,,,,,,,,
,Kingswood,,1979,60229,51913,23250,23553,4852,,,,,258,,,,,,,,,,,,,,,,,,,,,,,,,,,,,,,,,,,,,,,,,,,,,,,,,,,,,,,,,,,,,,,,,,,,,,,,,,,
,Kinross and West Perthshire,,1979,38591,30733,2593,15523,3572,,,9045,,,,,,,,,,,,,,,,,,,,,,,,,,,,,,,,,,,,,,,,,,,,,,,,,,,,,,,,,,,,,,,,,,,,,,,,,,,,,
,Kirkcaldy,,1979,61057,47251,25449,12386,,,,9416,,,,,,,,,,,,,,,,,,,,,,,,,,,,,,,,,,,,,,,,,,,,,,,,,,,,,,,,,,,,,,,,,,,,,,,,,,,,,
,Knutsford,,1979,57671,44976,8992,26795,8499,,,,,,,,,,,,,,,,,,,,,,,,,,,,,,,,,,,,,,,,,,690,,,,,,,,,,,,,,,,,,,,,,,,,,,,,,,,,,,,,,
,Lambeth Central,,1979,43678,27597,15101,9125,2339,,,,,830,,,,,,,,,,,,,152,,,,,,,,,,,,,,,50,,,,,,,,,,,,,,,,,,,,,,,,,,,,,,,,,,,,,,,,,,,,,,,
,Lanark,,1979,51320,41966,18118,12979,2967,,,7902,,,,,,,,,,,,,,,,,,,,,,,,,,,,,,,,,,,,,,,,,,,,,,,,,,,,,,,,,,,,,,,,,,,,,,,,,,,,,
,Lanarkshire North,,1979,56565,45097,25015,14195,,,,5887,,,,,,,,,,,,,,,,,,,,,,,,,,,,,,,,,,,,,,,,,,,,,,,,,,,,,,,,,,,,,,,,,,,,,,,,,,,,,
,Lancaster,,1979,51252,40719,15174,19400,5949,,,,,196,,,,,,,,,,,,,,,,,,,,,,,,,,,,,,,,,,,,,,,,,,,,,,,,,,,,,,,,,,,,,,,,,,,,,,,,,,,
,Leeds East,,1979,67048,47532,26346,15810,4622,,,,,445,,206,,,,,,,,,,,103,,,,,,,,,,,,,,,,,,,,,,,,,,,,,,,,,,,,,,,,,,,,,,,,,,,,,,,,,,,,,,
,Leeds North East,,1979,59113,41455,14913,20297,5329,,,,,,,813,,,,,,,,,,,,,,,,,,,,,,,,,,,,,,,,,,,,,,,,,,,,,,,,,,,,,,,,,103,,,,,,,,,,,,,,,,
,Leeds North West,,1979,68702,50206,17623,23837,7899,,,,,,,847,,,,,,,,,,,,,,,,,,,,,,,,,,,,,,,,,,,,,,,,,,,,,,,,,,,,,,,,,,,,,,,,,,,,,,,,,
,Leeds South,,1979,50119,34430,22388,8058,3568,,,,,416,,,,,,,,,,,,,,,,,,,,,,,,,,,,,,,,,,,,,,,,,,,,,,,,,,,,,,,,,,,,,,,,,,,,,,,,,,,
,Leeds South East,,1979,43472,28258,15921,6549,5430,,190,,,168,,,,,,,,,,,,,,,,,,,,,,,,,,,,,,,,,,,,,,,,,,,,,,,,,,,,,,,,,,,,,,,,,,,,,,,,,,,
,Leeds West,,1979,58798,43116,21290,11626,9734,,,,,466,,,,,,,,,,,,,,,,,,,,,,,,,,,,,,,,,,,,,,,,,,,,,,,,,,,,,,,,,,,,,,,,,,,,,,,,,,,
,Leek,,1979,87502,70370,25937,36508,6474,,,,,,,,,,,,,,,,,,,,,,,,,,,,,,,,,,,,,,,,,,,,,,,,,,,,,,,,,,,,,,,,,1451,,,,,,,,,,,,,,,
,Leicester East,,1979,67269,50840,23844,20988,4623,,,,,1385,,,,,,,,,,,,,,,,,,,,,,,,,,,,,,,,,,,,,,,,,,,,,,,,,,,,,,,,,,,,,,,,,,,,,,,,,,,
,Leicester South,,1979,70714,52894,24548,22550,4856,,,,,940,,,,,,,,,,,,,,,,,,,,,,,,,,,,,,,,,,,,,,,,,,,,,,,,,,,,,,,,,,,,,,,,,,,,,,,,,,,
,Leicester West,,1979,67209,48566,26032,17194,4032,,,,,1308,,,,,,,,,,,,,,,,,,,,,,,,,,,,,,,,,,,,,,,,,,,,,,,,,,,,,,,,,,,,,,,,,,,,,,,,,,,
,Leigh,,1979,66603,51245,27736,18713,4796,,,,,,,,,,,,,,,,,,,,,,,,,,,,,,,,,,,,,,,,,,,,,,,,,,,,,,,,,,,,,,,,,,,,,,,,,,,,,,,,
,Leominster,,1979,48211,39486,2099,21126,16261,,,,,,,,,,,,,,,,,,,,,,,,,,,,,,,,,,,,,,,,,,,,,,,,,,,,,,,,,,,,,,,,,,,,,,,,,,,,,,,,
,Lewes,,1979,76290,58187,11152,33992,12279,,,,,764,,,,,,,,,,,,,,,,,,,,,,,,,,,,,,,,,,,,,,,,,,,,,,,,,,,,,,,,,,,,,,,,,,,,,,,,,,,
,Lewisham East,,1979,67066,49862,22916,21323,4265,,,,,1168,,,,,,,,,,,,,190,,,,,,,,,,,,,,,,,,,,,,,,,,,,,,,,,,,,,,,,,,,,,,,,,,,,,,,,,,,,,,
,Lewisham West,,1979,59292,45065,20932,19882,3350,,,,,901,,,,,,,,,,,,,,,,,,,,,,,,,,,,,,,,,,,,,,,,,,,,,,,,,,,,,,,,,,,,,,,,,,,,,,,,,,,
,Leyton,,1979,59176,41060,21095,15361,3425,,,,,1179,,,,,,,,,,,,,,,,,,,,,,,,,,,,,,,,,,,,,,,,,,,,,,,,,,,,,,,,,,,,,,,,,,,,,,,,,,,
,Lichfield and Tamworth,,1979,101343,82343,33006,41454,7408,,,,,475,,,,,,,,,,,,,,,,,,,,,,,,,,,,,,,,,,,,,,,,,,,,,,,,,,,,,,,,,,,,,,,,,,,,,,,,,,,
,Lincoln,,1979,55194,42517,17175,17777,5638,,,,,107,,,,,,,,,,,,,,,,,,,,,,,,,,,1743,,,,,,,,,,,,,,,,,,,,,,,,,,,,,,,,,,77,,,,,,,,,,,,,,
,Liverpool Edge Hill,,1979,35350,24404,8453,3098,12701,,,,,152,,,,,,,,,,,,,,,,,,,,,,,,,,,,,,,,,,,,,,,,,,,,,,,,,,,,,,,,,,,,,,,,,,,,,,,,,,,
,Liverpool Garston,,1979,79248,58455,25318,28105,4890,,,,,,,,,,,,,,,,,,142,,,,,,,,,,,,,,,,,,,,,,,,,,,,,,,,,,,,,,,,,,,,,,,,,,,,,,,,,,,,,,
,Liverpool Kirkdale,,1979,43304,30394,17043,9334,3819,,,,,198,,,,,,,,,,,,,,,,,,,,,,,,,,,,,,,,,,,,,,,,,,,,,,,,,,,,,,,,,,,,,,,,,,,,,,,,,,,
,Liverpool Scotland Exchange,,1979,32303,18544,13920,2264,1939,,421,,,,,,,,,,,,,,,,,,,,,,,,,,,,,,,,,,,,,,,,,,,,,,,,,,,,,,,,,,,,,,,,,,,,,,,,,,,,,,
,Liverpool Toxteth,,1979,41859,27115,14833,8690,3206,,,,,,,,,,,,,,,,,,148,,,,,,238,,,,,,,,,,,,,,,,,,,,,,,,,,,,,,,,,,,,,,,,,,,,,,,,,,,,,,,,
,Liverpool Walton,,1979,50303,36637,20231,12673,3479,,,,,254,,,,,,,,,,,,,,,,,,,,,,,,,,,,,,,,,,,,,,,,,,,,,,,,,,,,,,,,,,,,,,,,,,,,,,,,,,,
,Liverpool Wavertree,,1979,59040,43293,14828,21760,6705,,,,,,,,,,,,,,,,,,,,,,,,,,,,,,,,,,,,,,,,,,,,,,,,,,,,,,,,,,,,,,,,,,,,,,,,,,,,,,,,
,Liverpool West Derby,,1979,57973,40697,22576,14356,3765,,,,,,,,,,,,,,,,,,,,,,,,,,,,,,,,,,,,,,,,,,,,,,,,,,,,,,,,,,,,,,,,,,,,,,,,,,,,,,,,
,Llanelli,,1979,64429,51153,30416,10471,5856,3793,617,,,,,,,,,,,,,,,,,,,,,,,,,,,,,,,,,,,,,,,,,,,,,,,,,,,,,,,,,,,,,,,,,,,,,,,,,,,,,,
,Londonderry,,1979,94670,63623,0,,,,,,,,,,,31592,5830,19185,5489,,888,,,,,,,,,,,,,,,,,,,,,,,,,,,,,,,,,,,,,,,,,,,,,,,,,,,,,639,,,,,,,,,,,,,
,Loughborough,,1979,76455,62106,24589,29788,6650,,,,,484,,595,,,,,,,,,,,,,,,,,,,,,,,,,,,,,,,,,,,,,,,,,,,,,,,,,,,,,,,,,,,,,,,,,,,,,,,,,
,Louth,,1979,73264,57304,12316,25701,19026,,,,,261,,,,,,,,,,,,,,,,,,,,,,,,,,,,,,,,,,,,,,,,,,,,,,,,,,,,,,,,,,,,,,,,,,,,,,,,,,,
,Lowestoft,,1979,82733,66149,25555,33376,6783,,,,,,,435,,,,,,,,,,,,,,,,,,,,,,,,,,,,,,,,,,,,,,,,,,,,,,,,,,,,,,,,,,,,,,,,,,,,,,,,,
,Ludlow,,1979,50413,39607,5717,20906,12524,,,,,354,,,,,,,,,,,,,,,,,,,,,,,,,,,,106,,,,,,,,,,,,,,,,,,,,,,,,,,,,,,,,,,,,,,,,,,,,,,,
,Luton East,,1979,52427,40730,16962,17809,5285,,107,,,461,,,,,,,,,,,,,45,,,,,,,,,,,,,,,,,,,,,,,,,,,,,,,,,,,,,,,,,,,,,,,,,,61,,,,,,,,,,,,
,Luton West,,1979,61186,48148,20984,21230,5233,,,,,701,,,,,,,,,,,,,,,,,,,,,,,,,,,,,,,,,,,,,,,,,,,,,,,,,,,,,,,,,,,,,,,,,,,,,,,,,,,
,Macclesfield,,1979,87864,68621,16779,40116,11726,,,,,,,,,,,,,,,,,,,,,,,,,,,,,,,,,,,,,,,,,,,,,,,,,,,,,,,,,,,,,,,,,,,,,,,,,,,,,,,,
,Maidstone,,1979,93125,71738,16632,37727,16676,,,,,703,,,,,,,,,,,,,,,,,,,,,,,,,,,,,,,,,,,,,,,,,,,,,,,,,,,,,,,,,,,,,,,,,,,,,,,,,,,
,Maldon,,1979,65659,51163,12848,29585,8730,,,,,,,,,,,,,,,,,,,,,,,,,,,,,,,,,,,,,,,,,,,,,,,,,,,,,,,,,,,,,,,,,,,,,,,,,,,,,,,,
,Manchester Ardwick,,1979,44497,30419,17235,9963,2934,,,,,,,,,,,,,,,,,,,,,,,,,,,,,,,,,,,,,,,,,,,,,,,,,,,,,,,,,,,,,,,,,,,,,287,,,,,,,,,,,
,Manchester Blackley,,1979,52878,40382,20346,15842,3868,,,,,326,,,,,,,,,,,,,,,,,,,,,,,,,,,,,,,,,,,,,,,,,,,,,,,,,,,,,,,,,,,,,,,,,,,,,,,,,,,
,Manchester Central,,1979,31312,19947,14117,4413,1052,,,,,365,,,,,,,,,,,,,,,,,,,,,,,,,,,,,,,,,,,,,,,,,,,,,,,,,,,,,,,,,,,,,,,,,,,,,,,,,,,
,Manchester Gorton,,1979,53943,41638,22293,16009,2867,,,,,469,,,,,,,,,,,,,,,,,,,,,,,,,,,,,,,,,,,,,,,,,,,,,,,,,,,,,,,,,,,,,,,,,,,,,,,,,,,
,Manchester Moss Side,,1979,47811,34205,17765,13234,2981,,,,,,,,,,,,,,,,,,225,,,,,,,,,,,,,,,,,,,,,,,,,,,,,,,,,,,,,,,,,,,,,,,,,,,,,,,,,,,,,,
,Manchester Openshaw,,1979,37816,27524,17099,9955,,,174,,,296,,,,,,,,,,,,,,,,,,,,,,,,,,,,,,,,,,,,,,,,,,,,,,,,,,,,,,,,,,,,,,,,,,,,,,,,,,,
,Manchester Withington,,1979,53408,39916,15510,18862,5387,,,,,,,,,,,,,,,,,,,,,,,,,,,,,,,,,,,,,,,,,,,,,,,,,,,,,,,,,,,,,,,,,,,,,,157,,,,,,,,,,
,Manchester Wythenshawe,,1979,60602,45460,26860,14747,3853,,,,,,,,,,,,,,,,,,,,,,,,,,,,,,,,,,,,,,,,,,,,,,,,,,,,,,,,,,,,,,,,,,,,,,,,,,,,,,,,
,Mansfield,,1979,71851,55566,29051,17720,8536,,,,,259,,,,,,,,,,,,,,,,,,,,,,,,,,,,,,,,,,,,,,,,,,,,,,,,,,,,,,,,,,,,,,,,,,,,,,,,,,,
,Melton,,1979,87319,68720,15882,40242,12596,,,,,,,,,,,,,,,,,,,,,,,,,,,,,,,,,,,,,,,,,,,,,,,,,,,,,,,,,,,,,,,,,,,,,,,,,,,,,,,,
,Meriden,,1979,98914,76173,33024,37151,4966,,,,,1032,,,,,,,,,,,,,,,,,,,,,,,,,,,,,,,,,,,,,,,,,,,,,,,,,,,,,,,,,,,,,,,,,,,,,,,,,,,
,Merioneth,,1979,27250,22724,5332,5365,2752,9275,,,,,,,,,,,,,,,,,,,,,,,,,,,,,,,,,,,,,,,,,,,,,,,,,,,,,,,,,,,,,,,,,,,,,,,,,,,,,,,
,Merthyr Tydfil,,1979,39680,31386,22386,4426,1275,2962,223,,,,,,,,,,,,,,,,114,,,,,,,,,,,,,,,,,,,,,,,,,,,,,,,,,,,,,,,,,,,,,,,,,,,,,,,,,,,,,,
,Middlesbrough,,1979,65179,44237,24872,13463,4023,,,,,,,,,,,,,,,,,,1018,,,,,,,,,,,,,,,,,,,,,,,,,,,,,,,,,,,,,,,,,,,,,861,,,,,,,,,,,,,,,,,
,Middleton and Prestwich,,1979,77291,60976,27918,26820,5888,,,,,350,,,,,,,,,,,,,,,,,,,,,,,,,,,,,,,,,,,,,,,,,,,,,,,,,,,,,,,,,,,,,,,,,,,,,,,,,,,
,Midlothian,,1979,101482,78919,37733,20797,7129,,,13260,,,,,,,,,,,,,,,,,,,,,,,,,,,,,,,,,,,,,,,,,,,,,,,,,,,,,,,,,,,,,,,,,,,,,,,,,,,,,
,Mitcham and Morden,,1979,62365,47942,21668,21050,4258,,,,,966,,,,,,,,,,,,,,,,,,,,,,,,,,,,,,,,,,,,,,,,,,,,,,,,,,,,,,,,,,,,,,,,,,,,,,,,,,,
,Monmouth,,1979,80085,66467,23785,33547,8494,641,,,,,,,,,,,,,,,,,,,,,,,,,,,,,,,,,,,,,,,,,,,,,,,,,,,,,,,,,,,,,,,,,,,,,,,,,,,,,,,
,Montgomery,,1979,35786,29134,4751,11751,10158,2474,,,,,,,,,,,,,,,,,,,,,,,,,,,,,,,,,,,,,,,,,,,,,,,,,,,,,,,,,,,,,,,,,,,,,,,,,,,,,,,
,Moray and Nairn,,1979,45802,35485,3104,14220,4361,,,13800,,,,,,,,,,,,,,,,,,,,,,,,,,,,,,,,,,,,,,,,,,,,,,,,,,,,,,,,,,,,,,,,,,,,,,,,,,,,,
,Morecambe and Lonsdale,,1979,68625,52471,13253,29068,10150,,,,,,,,,,,,,,,,,,,,,,,,,,,,,,,,,,,,,,,,,,,,,,,,,,,,,,,,,,,,,,,,,,,,,,,,,,,,,,,,
,Morpeth,,1979,49881,38629,21744,9913,6972,,,,,,,,,,,,,,,,,,,,,,,,,,,,,,,,,,,,,,,,,,,,,,,,,,,,,,,,,,,,,,,,,,,,,,,,,,,,,,,,
,Motherwell and Wishaw,,1979,50317,39146,22263,11326,,,740,4817,,,,,,,,,,,,,,,,,,,,,,,,,,,,,,,,,,,,,,,,,,,,,,,,,,,,,,,,,,,,,,,,,,,,,,,,,,,,,
,Nantwich,,1979,64211,50928,17919,25624,6571,,,,,814,,,,,,,,,,,,,,,,,,,,,,,,,,,,,,,,,,,,,,,,,,,,,,,,,,,,,,,,,,,,,,,,,,,,,,,,,,,
,Neath,,1979,51659,41956,27071,8455,,6430,,,,,,,,,,,,,,,,,,,,,,,,,,,,,,,,,,,,,,,,,,,,,,,,,,,,,,,,,,,,,,,,,,,,,,,,,,,,,,,
,Nelson and Colne,,1979,47739,38930,17086,17522,4322,,,,,,,,,,,,,,,,,,,,,,,,,,,,,,,,,,,,,,,,,,,,,,,,,,,,,,,,,,,,,,,,,,,,,,,,,,,,,,,,
,Newark,,1979,75612,60444,25960,27711,6773,,,,,,,,,,,,,,,,,,,,,,,,,,,,,,,,,,,,,,,,,,,,,,,,,,,,,,,,,,,,,,,,,,,,,,,,,,,,,,,,
,Newbury,,1979,80355,63741,6676,33677,23388,,,,,,,,,,,,,,,,,,,,,,,,,,,,,,,,,,,,,,,,,,,,,,,,,,,,,,,,,,,,,,,,,,,,,,,,,,,,,,,,
,Newcastle-under-Lyme,,1979,72442,59104,28649,24421,5878,,,,,,,,,,,,,,,,,,,,,,,,,,,,,,,,,,,,,,,,,,,,,,,,,,,,,,,,,,,,,,,,,,,,,,,156,,,,,,,,,
,Newcastle Upon Tyne Central,,1979,23678,15450,10395,2982,2073,,,,,,,,,,,,,,,,,,,,,,,,,,,,,,,,,,,,,,,,,,,,,,,,,,,,,,,,,,,,,,,,,,,,,,,,,,,,,,,,
,Newcastle Upon Tyne East,,1979,44484,33162,18257,12087,2818,,,,,,,,,,,,,,,,,,,,,,,,,,,,,,,,,,,,,,,,,,,,,,,,,,,,,,,,,,,,,,,,,,,,,,,,,,,,,,,,
,Newcastle Upon Tyne North,,1979,39307,26714,11010,12721,2983,,,,,,,,,,,,,,,,,,,,,,,,,,,,,,,,,,,,,,,,,,,,,,,,,,,,,,,,,,,,,,,,,,,,,,,,,,,,,,,,
,Newcastle Upon Tyne West,,1979,83156,60219,32827,21591,5801,,,,,,,,,,,,,,,,,,,,,,,,,,,,,,,,,,,,,,,,,,,,,,,,,,,,,,,,,,,,,,,,,,,,,,,,,,,,,,,,
,New Forest,,1979,85137,65748,12950,39124,13674,,,,,,,,,,,,,,,,,,,,,,,,,,,,,,,,,,,,,,,,,,,,,,,,,,,,,,,,,,,,,,,,,,,,,,,,,,,,,,,,
,Newham North East,,1979,66371,41872,22818,12778,4027,,,,,1769,,,,,,,,,,,,,154,,,,,,,,,,,,,,,208,,,,,,,,,,,,,,,118,,,,,,,,,,,,,,,,,,,,,,,,,,,,,,,,
,Newham North West,,1979,54030,29923,18392,7937,2377,,,,,1217,,,,,,,,,,,,,,,,,,,,,,,,,,,,,,,,,,,,,,,,,,,,,,,,,,,,,,,,,,,,,,,,,,,,,,,,,,,
,Newham South,,1979,53431,30483,19636,6863,2085,,,,,1899,,,,,,,,,,,,,,,,,,,,,,,,,,,,,,,,,,,,,,,,,,,,,,,,,,,,,,,,,,,,,,,,,,,,,,,,,,,
,Newport,,1979,75121,59858,30919,21742,6270,473,,,,454,,,,,,,,,,,,,,,,,,,,,,,,,,,,,,,,,,,,,,,,,,,,,,,,,,,,,,,,,,,,,,,,,,,,,,,,,,,
,Newton,,1979,102885,80703,41466,30125,8471,,,,,641,,,,,,,,,,,,,,,,,,,,,,,,,,,,,,,,,,,,,,,,,,,,,,,,,,,,,,,,,,,,,,,,,,,,,,,,,,,
,Norfolk North,,1979,98135,77269,22126,43952,10643,,,,,548,,,,,,,,,,,,,,,,,,,,,,,,,,,,,,,,,,,,,,,,,,,,,,,,,,,,,,,,,,,,,,,,,,,,,,,,,,,
,Norfolk North West,,1979,83702,66252,25868,33796,6588,,,,,,,,,,,,,,,,,,,,,,,,,,,,,,,,,,,,,,,,,,,,,,,,,,,,,,,,,,,,,,,,,,,,,,,,,,,,,,,,
,Norfolk South,,1979,100243,78537,23755,42792,11990,,,,,,,,,,,,,,,,,,,,,,,,,,,,,,,,,,,,,,,,,,,,,,,,,,,,,,,,,,,,,,,,,,,,,,,,,,,,,,,,
,Norfolk South West,,1979,57901,45193,14063,24767,6363,,,,,,,,,,,,,,,,,,,,,,,,,,,,,,,,,,,,,,,,,,,,,,,,,,,,,,,,,,,,,,,,,,,,,,,,,,,,,,,,
,Normanton,,1979,61390,47123,26591,14398,6134,,,,,,,,,,,,,,,,,,,,,,,,,,,,,,,,,,,,,,,,,,,,,,,,,,,,,,,,,,,,,,,,,,,,,,,,,,,,,,,,
,Northampton North,,1979,50739,38563,13934,18597,5659,,,,,373,,,,,,,,,,,,,,,,,,,,,,,,,,,,,,,,,,,,,,,,,,,,,,,,,,,,,,,,,,,,,,,,,,,,,,,,,,,
,Northampton South,,1979,51151,38501,15491,19125,3478,,,,,407,,,,,,,,,,,,,,,,,,,,,,,,,,,,,,,,,,,,,,,,,,,,,,,,,,,,,,,,,,,,,,,,,,,,,,,,,,,
,Northwich,,1979,54362,43967,14455,23201,6311,,,,,,,,,,,,,,,,,,,,,,,,,,,,,,,,,,,,,,,,,,,,,,,,,,,,,,,,,,,,,,,,,,,,,,,,,,,,,,,,
,Norwich North,,1979,46687,35298,17927,12336,4253,,106,,,250,,334,,,,,,,,,,,92,,,,,,,,,,,,,,,,,,,,,,,,,,,,,,,,,,,,,,,,,,,,,,,,,,,,,,,,,,,,,,
,Norwich South,,1979,45073,36164,16240,15042,4618,,,,,264,,,,,,,,,,,,,,,,,,,,,,,,,,,,,,,,,,,,,,,,,,,,,,,,,,,,,,,,,,,,,,,,,,,,,,,,,,,
,Norwood,,1979,48857,34382,16282,14342,3051,,,,,707,,,,,,,,,,,,,,,,,,,,,,,,,,,,,,,,,,,,,,,,,,,,,,,,,,,,,,,,,,,,,,,,,,,,,,,,,,,
,Nottingham East,,1979,47838,30580,15433,12199,2270,,,,,426,,,,,,,,,,,,,,,,,,,252,,,,,,,,,,,,,,,,,,,,,,,,,,,,,,,,,,,,,,,,,,,,,,,,,,,,,,,,
,Nottingham North,,1979,78996,53409,25028,21956,4900,,1071,,,454,,,,,,,,,,,,,,,,,,,,,,,,,,,,,,,,,,,,,,,,,,,,,,,,,,,,,,,,,,,,,,,,,,,,,,,,,,,
,Nottingham West,,1979,77155,56509,26301,23801,5497,,,,,718,,,,,,,,,,,,,192,,,,,,,,,,,,,,,,,,,,,,,,,,,,,,,,,,,,,,,,,,,,,,,,,,,,,,,,,,,,,,
,Nuneaton,,1979,80225,62959,31403,23715,6184,,,,,1028,,,,,,,,,,,,,,,,,,,,,,,,,,,,,,,,,,,,,,,,,,,,,,,,,,,,,,,,,,629,,,,,,,,,,,,,,,,,
,Ogmore,,1979,70156,55909,29867,13780,9812,2450,,,,,,,,,,,,,,,,,,,,,,,,,,,,,,,,,,,,,,,,,,,,,,,,,,,,,,,,,,,,,,,,,,,,,,,,,,,,,,,
,Oldham East,,1979,52420,36013,18248,13616,4149,,,,,,,,,,,,,,,,,,,,,,,,,,,,,,,,,,,,,,,,,,,,,,,,,,,,,,,,,,,,,,,,,,,,,,,,,,,,,,,,
,Oldham West,,1979,46763,33946,17802,12025,3604,,,,,515,,,,,,,,,,,,,,,,,,,,,,,,,,,,,,,,,,,,,,,,,,,,,,,,,,,,,,,,,,,,,,,,,,,,,,,,,,,
,Orkney and Shetland,,1979,28884,19410,3385,4140,10950,,,935,,,,,,,,,,,,,,,,,,,,,,,,,,,,,,,,,,,,,,,,,,,,,,,,,,,,,,,,,,,,,,,,,,,,,,,,,,,,,
,Ormskirk,,1979,97764,74406,37222,36364,,,,,,,,,,,,,,,,,,,820,,,,,,,,,,,,,,,,,,,,,,,,,,,,,,,,,,,,,,,,,,,,,,,,,,,,,,,,,,,,,,
,Orpington,,1979,67917,55467,6581,32150,16074,,,,,516,,,,,,,,,,,,,,,,,,,,,,,,,,,,,,,,,,,,,,,,,,,,,,,,,,,,,,,,,,,,,,,,,,,146,,,,,,,,
,Oswestry,,1979,58334,43106,10150,23551,9405,,,,,,,,,,,,,,,,,,,,,,,,,,,,,,,,,,,,,,,,,,,,,,,,,,,,,,,,,,,,,,,,,,,,,,,,,,,,,,,,
,Oxford,,1979,81708,60614,25962,27459,6234,,,,,,,,,,,,,,,,,,,,,,,,,,,,,,,,,72,,,,,,,,,,,,,,,,,,,,,,,,,,,,,,,,,,,,,,,,887,,,,,,,
,Oxfordshire Mid,,1979,50000,50010,13004,28465,8367,,,,,,,,,,,,,,,,,,,,,,,,,,,,,,,,,174,,,,,,,,,,,,,,,,,,,,,,,,,,,,,,,,,,,,,,,,,,,,,,,
,Paddington,,1979,56234,35606,16083,16189,2815,,,,,402,,,,,,,,,,,,,117,,,,,,,,,,,,,,,,,,,,,,,,,,,,,,,,,,,,,,,,,,,,,,,,,,,,,,,,,,,,,,
,Paisley,,1979,63765,46416,25894,12139,,,145,7305,,,,,,,,,,,,811,,,122,,,,,,,,,,,,,,,,,,,,,,,,,,,,,,,,,,,,,,,,,,,,,,,,,,,,,,,,,,,,,,
,Peckham,,1979,59015,34027,20364,9553,2607,,,,,1503,,,,,,,,,,,,,,,,,,,,,,,,,,,,,,,,,,,,,,,,,,,,,,,,,,,,,,,,,,,,,,,,,,,,,,,,,,,
,Pembroke,,1979,76268,62014,23015,30483,6249,1573,,,,,,694,,,,,,,,,,,,,,,,,,,,,,,,,,,,,,,,,,,,,,,,,,,,,,,,,,,,,,,,,,,,,,,,,,,,,,,,,
,Penistone,,1979,72370,57091,28010,18309,10772,,,,,,,,,,,,,,,,,,,,,,,,,,,,,,,,,,,,,,,,,,,,,,,,,,,,,,,,,,,,,,,,,,,,,,,,,,,,,,,,
,Penrith and the Border,,1979,56210,44040,9844,26940,7256,,,,,,,,,,,,,,,,,,,,,,,,,,,,,,,,,,,,,,,,,,,,,,,,,,,,,,,,,,,,,,,,,,,,,,,,,,,,,,,,
,Perth and East Perthshire,,1979,62142,48045,6432,20153,4410,,,17050,,,,,,,,,,,,,,,,,,,,,,,,,,,,,,,,,,,,,,,,,,,,,,,,,,,,,,,,,,,,,,,,,,,,,,,,,,,,,
,Peterborough,,1979,72912,56829,22632,27734,5685,,,,,672,,,,,,,,,,,,,106,,,,,,,,,,,,,,,,,,,,,,,,,,,,,,,,,,,,,,,,,,,,,,,,,,,,,,,,,,,,,,
,Petersfield,,1979,81887,64107,8082,39200,16825,,,,,,,,,,,,,,,,,,,,,,,,,,,,,,,,,,,,,,,,,,,,,,,,,,,,,,,,,,,,,,,,,,,,,,,,,,,,,,,,
,Plymouth Devonport,,1979,48236,34895,16545,15544,2360,,,,,243,,,,,,,,,,,,,,,,,,,,,,,,,,,,203,,,,,,,,,,,,,,,,,,,,,,,,,,,,,,,,,,,,,,,,,,,,,,,
,Plymouth Drake,,1979,55711,43005,17515,21759,3452,,,,,279,,,,,,,,,,,,,,,,,,,,,,,,,,,,,,,,,,,,,,,,,,,,,,,,,,,,,,,,,,,,,,,,,,,,,,,,,,,
,Plymouth Sutton,,1979,68516,52723,17605,28892,6226,,,,,,,,,,,,,,,,,,,,,,,,,,,,,,,,,,,,,,,,,,,,,,,,,,,,,,,,,,,,,,,,,,,,,,,,,,,,,,,,
,Pontefract and Castleford,,1979,60697,44847,30566,10665,3616,,,,,,,,,,,,,,,,,,,,,,,,,,,,,,,,,,,,,,,,,,,,,,,,,,,,,,,,,,,,,,,,,,,,,,,,,,,,,,,,
,Pontypool,,1979,56187,44711,27651,10383,5508,1169,,,,,,,,,,,,,,,,,,,,,,,,,,,,,,,,,,,,,,,,,,,,,,,,,,,,,,,,,,,,,,,,,,,,,,,,,,,,,,,
,Pontypridd,,1979,75050,58343,32801,17114,6228,2200,,,,,,,,,,,,,,,,,,,,,,,,,,,,,,,,,,,,,,,,,,,,,,,,,,,,,,,,,,,,,,,,,,,,,,,,,,,,,,,
,Poole,,1979,87208,68138,15291,38846,14001,,,,,,,,,,,,,,,,,,,,,,,,,,,,,,,,,,,,,,,,,,,,,,,,,,,,,,,,,,,,,,,,,,,,,,,,,,,,,,,,
,Portsmouth North,,1979,68870,54175,24045,26356,3354,,,,,298,,,,,,,,,,,,,122,,,,,,,,,,,,,,,,,,,,,,,,,,,,,,,,,,,,,,,,,,,,,,,,,,,,,,,,,,,,,,
,Portsmouth South,,1979,67346,49085,15306,26835,6487,,,,,457,,,,,,,,,,,,,,,,,,,,,,,,,,,,,,,,,,,,,,,,,,,,,,,,,,,,,,,,,,,,,,,,,,,,,,,,,,,
,Preston North,,1979,51756,40279,18603,18632,2715,,,,,329,,,,,,,,,,,,,,,,,,,,,,,,,,,,,,,,,,,,,,,,,,,,,,,,,,,,,,,,,,,,,,,,,,,,,,,,,,,
,Preston South,,1979,51820,39998,17810,17189,4625,,,,,258,,,,,,,,,,,,,116,,,,,,,,,,,,,,,,,,,,,,,,,,,,,,,,,,,,,,,,,,,,,,,,,,,,,,,,,,,,,,
,Pudsey,,1979,67853,54510,13727,24591,15852,,,,,,,340,,,,,,,,,,,,,,,,,,,,,,,,,,,,,,,,,,,,,,,,,,,,,,,,,,,,,,,,,,,,,,,,,,,,,,,,,
,Putney,,1979,64648,49196,20410,23040,5061,,,,,685,,,,,,,,,,,,,,,,,,,,,,,,,,,,,,,,,,,,,,,,,,,,,,,,,,,,,,,,,,,,,,,,,,,,,,,,,,,
,Ravensbourne,,1979,47601,36938,6848,22501,7111,,,,,478,,,,,,,,,,,,,,,,,,,,,,,,,,,,,,,,,,,,,,,,,,,,,,,,,,,,,,,,,,,,,,,,,,,,,,,,,,,
,Reading North,,1979,65369,49597,17662,25085,6170,,,,,554,,,,,,,,,,,,,,,,,,,,,,,,,,,,126,,,,,,,,,,,,,,,,,,,,,,,,,,,,,,,,,,,,,,,,,,,,,,,
,Reading South,,1979,73001,55831,14422,30067,10642,,,,,,,700,,,,,,,,,,,,,,,,,,,,,,,,,,,,,,,,,,,,,,,,,,,,,,,,,,,,,,,,,,,,,,,,,,,,,,,,,
,Redcar,,1979,62511,47445,25470,17417,4225,,,,,,,,,,,,,,,,,,,,,,,,,,,,,,,,,333,,,,,,,,,,,,,,,,,,,,,,,,,,,,,,,,,,,,,,,,,,,,,,,
,Reigate,,1979,72248,56478,12454,33767,10257,,,,,,,,,,,,,,,,,,,,,,,,,,,,,,,,,,,,,,,,,,,,,,,,,,,,,,,,,,,,,,,,,,,,,,,,,,,,,,,,
,Renfrewshire East,,1979,64456,51937,12672,25910,9366,,,3989,,,,,,,,,,,,,,,,,,,,,,,,,,,,,,,,,,,,,,,,,,,,,,,,,,,,,,,,,,,,,,,,,,,,,,,,,,,,,
,Renfrewshire West,,1979,78218,63489,28236,19664,7256,,,8333,,,,,,,,,,,,,,,,,,,,,,,,,,,,,,,,,,,,,,,,,,,,,,,,,,,,,,,,,,,,,,,,,,,,,,,,,,,,,
,Rhondda,,1979,63412,50578,38007,6526,,4226,1819,,,,,,,,,,,,,,,,,,,,,,,,,,,,,,,,,,,,,,,,,,,,,,,,,,,,,,,,,,,,,,,,,,,,,,,,,,,,,,
,Richmond (Surrey),,1979,50811,41343,4692,19294,16764,,,,,244,,,,,,,,,,,,,,,,,,,,,,,,,,,,315,,,,,,,,,,,,34,,,,,,,,,,,,,,,,,,,,,,,,,,,,,,,,,,,
,Richmond (Yorks),,1979,65319,47095,8173,28958,9964,,,,,,,,,,,,,,,,,,,,,,,,,,,,,,,,,,,,,,,,,,,,,,,,,,,,,,,,,,,,,,,,,,,,,,,,,,,,,,,,
,Ripon,,1979,53180,41811,6649,25292,9089,,,,,,,781,,,,,,,,,,,,,,,,,,,,,,,,,,,,,,,,,,,,,,,,,,,,,,,,,,,,,,,,,,,,,,,,,,,,,,,,,
,Rochdale,,1979,66841,49234,16878,9494,22172,,,,,690,,,,,,,,,,,,,,,,,,,,,,,,,,,,,,,,,,,,,,,,,,,,,,,,,,,,,,,,,,,,,,,,,,,,,,,,,,,
,Rochester and Chatham,,1979,79872,58096,24886,27574,5219,,,,,417,,,,,,,,,,,,,,,,,,,,,,,,,,,,,,,,,,,,,,,,,,,,,,,,,,,,,,,,,,,,,,,,,,,,,,,,,,,
,Romford,,1979,55154,42254,13902,22714,4818,,,,,820,,,,,,,,,,,,,,,,,,,,,,,,,,,,,,,,,,,,,,,,,,,,,,,,,,,,,,,,,,,,,,,,,,,,,,,,,,,
,Ross and Cromarty,,1979,32892,25116,5055,10650,3496,,,5915,,,,,,,,,,,,,,,,,,,,,,,,,,,,,,,,,,,,,,,,,,,,,,,,,,,,,,,,,,,,,,,,,,,,,,,,,,,,,
,Rossendale,,1979,50623,42401,18497,20370,3534,,,,,,,,,,,,,,,,,,,,,,,,,,,,,,,,,,,,,,,,,,,,,,,,,,,,,,,,,,,,,,,,,,,,,,,,,,,,,,,,
,Rotherham,,1979,60871,43901,26580,13145,3686,,,,,490,,,,,,,,,,,,,,,,,,,,,,,,,,,,,,,,,,,,,,,,,,,,,,,,,,,,,,,,,,,,,,,,,,,,,,,,,,,
,Rother Valley,,1979,99029,73907,45986,19984,7937,,,,,,,,,,,,,,,,,,,,,,,,,,,,,,,,,,,,,,,,,,,,,,,,,,,,,,,,,,,,,,,,,,,,,,,,,,,,,,,,
,"Roxburgh, Selkirk and Peebles",,1979,59691,48948,4150,15303,25993,,,3502,,,,,,,,,,,,,,,,,,,,,,,,,,,,,,,,,,,,,,,,,,,,,,,,,,,,,,,,,,,,,,,,,,,,,,,,,,,,,
,Rugby,,1979,61506,51601,21688,24417,4945,,,,,551,,,,,,,,,,,,,,,,,,,,,,,,,,,,,,,,,,,,,,,,,,,,,,,,,,,,,,,,,,,,,,,,,,,,,,,,,,,
,Ruislip-Northwood,,1979,55505,43633,9541,26748,6867,,,,,477,,,,,,,,,,,,,,,,,,,,,,,,,,,,,,,,,,,,,,,,,,,,,,,,,,,,,,,,,,,,,,,,,,,,,,,,,,,
,Runcorn,,1979,82126,63916,22226,32907,8783,,,,,,,,,,,,,,,,,,,,,,,,,,,,,,,,,,,,,,,,,,,,,,,,,,,,,,,,,,,,,,,,,,,,,,,,,,,,,,,,
,Rushcliffe,,1979,67286,54968,11712,34196,9060,,,,,,,,,,,,,,,,,,,,,,,,,,,,,,,,,,,,,,,,,,,,,,,,,,,,,,,,,,,,,,,,,,,,,,,,,,,,,,,,
,Rutherglen,,1979,49379,39709,18546,10523,7315,,,3325,,,,,,,,,,,,,,,,,,,,,,,,,,,,,,,,,,,,,,,,,,,,,,,,,,,,,,,,,,,,,,,,,,,,,,,,,,,,,
,Rutland and Stamford,,1979,59404,46382,11383,26198,8801,,,,,,,,,,,,,,,,,,,,,,,,,,,,,,,,,,,,,,,,,,,,,,,,,,,,,,,,,,,,,,,,,,,,,,,,,,,,,,,,
,Rye,,1979,73416,56625,6852,35516,12438,,,,,552,,1267,,,,,,,,,,,,,,,,,,,,,,,,,,,,,,,,,,,,,,,,,,,,,,,,,,,,,,,,,,,,,,,,,,,,,,,,,
,Saffron Walden,,1979,65034,52877,10347,28563,13200,,,,,342,,,,,,,,,,,,,,,,,,,,,,,,,,,,425,,,,,,,,,,,,,,,,,,,,,,,,,,,,,,,,,,,,,,,,,,,,,,,
,St. Albans,,1979,73339,58996,13638,31301,14057,,,,,,,,,,,,,,,,,,,,,,,,,,,,,,,,,,,,,,,,,,,,,,,,,,,,,,,,,,,,,,,,,,,,,,,,,,,,,,,,
,St. Helens,,1979,74830,54481,32489,16934,4587,,,,,,,,,,,,,,,,,,471,,,,,,,,,,,,,,,,,,,,,,,,,,,,,,,,,,,,,,,,,,,,,,,,,,,,,,,,,,,,,,
,St. Ives,,1979,53715,41306,8636,22352,8229,,,,,,,427,,,,,,,,,,,,,,,,,,,,,1662,,,,,,,,,,,,,,,,,,,,,,,,,,,,,,,,,,,,,,,,,,,,,,,,,,,,
,St. Marylebone,,1979,40885,24874,6586,14899,2459,,,,,239,,691,,,,,,,,,,,,,,,,,,,,,,,,,,,,,,,,,,,,,,,,,,,,,,,,,,,,,,,,,,,,,,,,,,,,,,,,,
,St. Pancras North,,1979,42106,26839,14556,9110,2654,,,,,360,,,,,,,,,,,,,159,,,,,,,,,,,,,,,,,,,,,,,,,,,,,,,,,,,,,,,,,,,,,,,,,,,,,,,,,,,,,,
,Salford East,,1979,32718,21050,13453,7597,,,,,,,,,,,,,,,,,,,,,,,,,,,,,,,,,,,,,,,,,,,,,,,,,,,,,,,,,,,,,,,,,,,,,,,,,,,,,,,,,
,Salford West,,1979,43587,29951,18411,11157,,,,,,,,,,,,,,,,,,,383,,,,,,,,,,,,,,,,,,,,,,,,,,,,,,,,,,,,,,,,,,,,,,,,,,,,,,,,,,,,,,
,Salisbury,,1979,64615,50001,6321,24962,18718,,,,,,,,,,,,,,,,,,,,,,,,,,,,,,,,,,,,,,,,,,,,,,,,,,,,,,,,,,,,,,,,,,,,,,,,,,,,,,,,
,Scarborough,,1979,60896,44525,11344,23669,9025,,,,,,,,,,,,,,,,,,,,,,,,,,,,,,,,,487,,,,,,,,,,,,,,,,,,,,,,,,,,,,,,,,,,,,,,,,,,,,,,,
,Sevenoaks,,1979,80960,63940,14583,36697,11839,,,,,821,,,,,,,,,,,,,,,,,,,,,,,,,,,,,,,,,,,,,,,,,,,,,,,,,,,,,,,,,,,,,,,,,,,,,,,,,,,
,Sheffield Attercliffe,,1979,62984,45775,29702,11599,4017,,,,,457,,,,,,,,,,,,,,,,,,,,,,,,,,,,,,,,,,,,,,,,,,,,,,,,,,,,,,,,,,,,,,,,,,,,,,,,,,,
,Sheffield Brightside,,1979,54459,37487,25672,7979,3482,,,,,354,,,,,,,,,,,,,,,,,,,,,,,,,,,,,,,,,,,,,,,,,,,,,,,,,,,,,,,,,,,,,,,,,,,,,,,,,,,
,Sheffield Hallam,,1979,78901,57220,16502,31436,8982,,,,,300,,,,,,,,,,,,,,,,,,,,,,,,,,,,,,,,,,,,,,,,,,,,,,,,,,,,,,,,,,,,,,,,,,,,,,,,,,,
,Sheffield Heeley,,1979,63996,49445,24618,19845,4708,,,,,274,,,,,,,,,,,,,,,,,,,,,,,,,,,,,,,,,,,,,,,,,,,,,,,,,,,,,,,,,,,,,,,,,,,,,,,,,,,
,Sheffield Hillsborough,,1979,51088,36176,20556,12206,3088,,,,,326,,,,,,,,,,,,,,,,,,,,,,,,,,,,,,,,,,,,,,,,,,,,,,,,,,,,,,,,,,,,,,,,,,,,,,,,,,,
,Sheffield Park,,1979,62174,40071,27483,7159,4737,,279,,,302,,,,,,,,,,,,,111,,,,,,,,,,,,,,,,,,,,,,,,,,,,,,,,,,,,,,,,,,,,,,,,,,,,,,,,,,,,,,
,Shipley,,1979,53516,43081,14281,22641,5673,,,,,,,486,,,,,,,,,,,,,,,,,,,,,,,,,,,,,,,,,,,,,,,,,,,,,,,,,,,,,,,,,,,,,,,,,,,,,,,,,
,Shoreham,,1979,72288,56366,8867,34339,12754,,,,,406,,,,,,,,,,,,,,,,,,,,,,,,,,,,,,,,,,,,,,,,,,,,,,,,,,,,,,,,,,,,,,,,,,,,,,,,,,,
,Shrewsbury,,1979,63236,48470,11558,23548,13364,,,,,,,,,,,,,,,,,,,,,,,,,,,,,,,,,,,,,,,,,,,,,,,,,,,,,,,,,,,,,,,,,,,,,,,,,,,,,,,,
,Sidcup,,1979,49976,39610,10236,23692,4908,,,,,774,,,,,,,,,,,,,,,,,,,,,,,,,,,,,,,,,,,,,,,,,,,,,,,,,,,,,,,,,,,,,,,,,,,,,,,,,,,
,Skipton,,1979,53881,45293,4632,23177,17484,,,,,,,,,,,,,,,,,,,,,,,,,,,,,,,,,,,,,,,,,,,,,,,,,,,,,,,,,,,,,,,,,,,,,,,,,,,,,,,,
,Solihull,,1979,84272,65039,10820,43027,10214,,,,,978,,,,,,,,,,,,,,,,,,,,,,,,,,,,,,,,,,,,,,,,,,,,,,,,,,,,,,,,,,,,,,,,,,,,,,,,,,,
,Somerset North,,1979,96606,79447,22122,43173,12898,,,,,,,1254,,,,,,,,,,,,,,,,,,,,,,,,,,,,,,,,,,,,,,,,,,,,,,,,,,,,,,,,,,,,,,,,,,,,,,,,,
,Southall,,1979,73146,52412,28498,17220,3920,,,,,1545,,,,,,,,,,,,,,,,,,,477,,,,,,,,,637,,,,,,,,,,,,,,,,,,,,,,,,,,,,,,,,,,,,,,,,,115,,,,,,
,Southampton Itchen,,1979,81151,60602,28036,26434,6132,,,,,,,,,,,,,,,,,,,,,,,,,,,,,,,,,,,,,,,,,,,,,,,,,,,,,,,,,,,,,,,,,,,,,,,,,,,,,,,,
,Southampton Test,,1979,76890,58666,25075,27198,6393,,,,,,,,,,,,,,,,,,,,,,,,,,,,,,,,,,,,,,,,,,,,,,,,,,,,,,,,,,,,,,,,,,,,,,,,,,,,,,,,
,Southend East,,1979,57037,39972,11639,22413,5244,,,,,676,,,,,,,,,,,,,,,,,,,,,,,,,,,,,,,,,,,,,,,,,,,,,,,,,,,,,,,,,,,,,,,,,,,,,,,,,,,
,Southend West,,1979,66958,51055,8341,29449,12585,,,,,680,,,,,,,,,,,,,,,,,,,,,,,,,,,,,,,,,,,,,,,,,,,,,,,,,,,,,,,,,,,,,,,,,,,,,,,,,,,
,Southgate,,1979,67355,51365,11584,31663,7223,,,,,895,,,,,,,,,,,,,,,,,,,,,,,,,,,,,,,,,,,,,,,,,,,,,,,,,,,,,,,,,,,,,,,,,,,,,,,,,,,
,Southport,,1979,68385,51104,5725,25953,19426,,,,,,,,,,,,,,,,,,,,,,,,,,,,,,,,,,,,,,,,,,,,,,,,,,,,,,,,,,,,,,,,,,,,,,,,,,,,,,,,
,South Shields,,1979,70566,50229,28675,15551,6003,,,,,,,,,,,,,,,,,,,,,,,,,,,,,,,,,,,,,,,,,,,,,,,,,,,,,,,,,,,,,,,,,,,,,,,,,,,,,,,,
,Sowerby,,1979,49275,39783,15617,16797,7369,,,,,,,,,,,,,,,,,,,,,,,,,,,,,,,,,,,,,,,,,,,,,,,,,,,,,,,,,,,,,,,,,,,,,,,,,,,,,,,,
,Spelthorne,,1979,70898,54510,15137,31290,7565,,,,,518,,,,,,,,,,,,,,,,,,,,,,,,,,,,,,,,,,,,,,,,,,,,,,,,,,,,,,,,,,,,,,,,,,,,,,,,,,,
,Stafford and Stone,,1979,83300,65646,21210,34387,10049,,,,,,,,,,,,,,,,,,,,,,,,,,,,,,,,,,,,,,,,,,,,,,,,,,,,,,,,,,,,,,,,,,,,,,,,,,,,,,,,
,Staffordshire South West,,1979,67383,53245,14720,32153,5460,,,,,912,,,,,,,,,,,,,,,,,,,,,,,,,,,,,,,,,,,,,,,,,,,,,,,,,,,,,,,,,,,,,,,,,,,,,,,,,,,
,Stalybridge and Hyde,,1979,67772,52226,27082,20502,4642,,,,,,,,,,,,,,,,,,,,,,,,,,,,,,,,,,,,,,,,,,,,,,,,,,,,,,,,,,,,,,,,,,,,,,,,,,,,,,,,
,Stepney and Poplar,,1979,58637,31262,19576,6561,2234,,413,,,1571,,,,,,,,,,,,,235,,,,,,,,,,,,,,,,,,,,,,,,,,,,,,,,,,,,,,,,,,,,,672,,,,,,,,,,,,,,,,,
,"Stirling, Falkirk and Grangemouth",,1979,66164,52236,29499,13881,,,,8856,,,,,,,,,,,,,,,,,,,,,,,,,,,,,,,,,,,,,,,,,,,,,,,,,,,,,,,,,,,,,,,,,,,,,,,,,,,,,
,Stirlingshire East and Clackmannan,,1979,66535,54354,22780,9778,,,,21796,,,,,,,,,,,,,,,,,,,,,,,,,,,,,,,,,,,,,,,,,,,,,,,,,,,,,,,,,,,,,,,,,,,,,,,,,,,,,
,Stirlingshire West,,1979,57602,47208,22516,12160,3905,,,8627,,,,,,,,,,,,,,,,,,,,,,,,,,,,,,,,,,,,,,,,,,,,,,,,,,,,,,,,,,,,,,,,,,,,,,,,,,,,,
,Stockport North,,1979,53533,42585,18789,18456,5096,,,,,244,,,,,,,,,,,,,,,,,,,,,,,,,,,,,,,,,,,,,,,,,,,,,,,,,,,,,,,,,,,,,,,,,,,,,,,,,,,
,Stockport South,,1979,48513,37522,16910,15785,4453,,,,,374,,,,,,,,,,,,,,,,,,,,,,,,,,,,,,,,,,,,,,,,,,,,,,,,,,,,,,,,,,,,,,,,,,,,,,,,,,,
,Stockton,,1979,89206,65751,34917,23790,6074,,243,,,384,,,,,,,,,,,,,,,,,,,,,,,,,,,,343,,,,,,,,,,,,,,,,,,,,,,,,,,,,,,,,,,,,,,,,,,,,,,,
,Stoke-on-Trent Central,,1979,59493,41071,24707,12104,4260,,,,,,,,,,,,,,,,,,,,,,,,,,,,,,,,,,,,,,,,,,,,,,,,,,,,,,,,,,,,,,,,,,,,,,,,,,,,,,,,
,Stoke-on-Trent North,,1979,59402,43215,25652,13228,3994,,,,,341,,,,,,,,,,,,,,,,,,,,,,,,,,,,,,,,,,,,,,,,,,,,,,,,,,,,,,,,,,,,,,,,,,,,,,,,,,,
,Stoke-on-Trent South,,1979,74193,53803,31610,17364,4829,,,,,,,,,,,,,,,,,,,,,,,,,,,,,,,,,,,,,,,,,,,,,,,,,,,,,,,,,,,,,,,,,,,,,,,,,,,,,,,,
,Stratford-on-Avon,,1979,76588,58720,10334,35470,12916,,,,,,,,,,,,,,,,,,,,,,,,,,,,,,,,,,,,,,,,,,,,,,,,,,,,,,,,,,,,,,,,,,,,,,,,,,,,,,,,
,Streatham,,1979,53347,38164,14130,19630,3779,,,,,523,,,,,,,,,,,,,,,,,,,,,,,,,,,,,,,,,,,,,,,,,,,,,,,,,,,,,,,,,,,,,,,,,,,,,,102,,,,,
,Stretford,,1979,69258,53807,21466,25972,6369,,,,,,,,,,,,,,,,,,,,,,,,,,,,,,,,,,,,,,,,,,,,,,,,,,,,,,,,,,,,,,,,,,,,,,,,,,,,,,,,
,Stroud,,1979,76137,61885,17037,32534,12314,,,,,,,,,,,,,,,,,,,,,,,,,,,,,,,,,,,,,,,,,,,,,,,,,,,,,,,,,,,,,,,,,,,,,,,,,,,,,,,,
,Sudbury and Woodbridge,,1979,91441,71951,18972,39544,13435,,,,,,,,,,,,,,,,,,,,,,,,,,,,,,,,,,,,,,,,,,,,,,,,,,,,,,,,,,,,,,,,,,,,,,,,,,,,,,,,
,Sunderland North,,1979,72994,50762,29213,16311,5238,,,,,,,,,,,,,,,,,,,,,,,,,,,,,,,,,,,,,,,,,,,,,,,,,,,,,,,,,,,,,,,,,,,,,,,,,,,,,,,,
,Sunderland South,,1979,79130,55389,29403,21002,4984,,,,,,,,,,,,,,,,,,,,,,,,,,,,,,,,,,,,,,,,,,,,,,,,,,,,,,,,,,,,,,,,,,,,,,,,,,,,,,,,
,Surbiton,,1979,46922,35417,9261,20063,6093,,,,,,,,,,,,,,,,,,,,,,,,,,,,,,,,,,,,,,,,,,,,,,,,,,,,,,,,,,,,,,,,,,,,,,,,,,,,,,,,
,Surrey East,,1979,57364,44982,7398,28266,8866,,,,,452,,,,,,,,,,,,,,,,,,,,,,,,,,,,,,,,,,,,,,,,,,,,,,,,,,,,,,,,,,,,,,,,,,,,,,,,,,,
,Surrey North West,,1979,75197,56815,10763,36219,9037,,,,,796,,,,,,,,,,,,,,,,,,,,,,,,,,,,,,,,,,,,,,,,,,,,,,,,,,,,,,,,,,,,,,,,,,,,,,,,,,,
,Sussex Mid,,1979,68232,53210,8260,32548,11705,,,,,,,,,,,,,,,,,,,,,,,,,,,,,,,,,,,,,,,,,,697,,,,,,,,,,,,,,,,,,,,,,,,,,,,,,,,,,,,,,
,Sutton and Cheam,,1979,63038,49697,7126,28842,13136,,,,,465,,,,,,,,,,,,,,,,,,,,,,,,,,,,128,,,,,,,,,,,,,,,,,,,,,,,,,,,,,,,,,,,,,,,,,,,,,,,
,Sutton Coldfield,,1979,64093,49521,6511,34096,7989,,,,,466,,,,,,,,,,,,,,,,,,,,,,,,,,,,,,,,,,,,,459,,,,,,,,,,,,,,,,,,,,,,,,,,,,,,,,,,,,,,
,Swansea East,,1979,60350,45638,31909,10689,,2732,308,,,,,,,,,,,,,,,,,,,,,,,,,,,,,,,,,,,,,,,,,,,,,,,,,,,,,,,,,,,,,,,,,,,,,,,,,,,,,,
,Swansea West,,1979,65872,52445,24175,23774,3484,1012,,,,,,,,,,,,,,,,,,,,,,,,,,,,,,,,,,,,,,,,,,,,,,,,,,,,,,,,,,,,,,,,,,,,,,,,,,,,,,,
,Swindon,,1979,65761,50246,25218,19319,5709,,,,,,,,,,,,,,,,,,,,,,,,,,,,,,,,,,,,,,,,,,,,,,,,,,,,,,,,,,,,,,,,,,,,,,,,,,,,,,,,
,Taunton,,1979,66349,53573,15759,28483,7928,,,,,,,1403,,,,,,,,,,,,,,,,,,,,,,,,,,,,,,,,,,,,,,,,,,,,,,,,,,,,,,,,,,,,,,,,,,,,,,,,,
,Thanet East,,1979,48989,35626,10128,20367,4755,,,,,376,,,,,,,,,,,,,,,,,,,,,,,,,,,,,,,,,,,,,,,,,,,,,,,,,,,,,,,,,,,,,,,,,,,,,,,,,,,
,Thanet West,,1979,45694,32715,8576,18122,6017,,,,,,,,,,,,,,,,,,,,,,,,,,,,,,,,,,,,,,,,,,,,,,,,,,,,,,,,,,,,,,,,,,,,,,,,,,,,,,,,
,Thirsk and Malton,,1979,71905,54977,11924,32520,10533,,,,,,,,,,,,,,,,,,,,,,,,,,,,,,,,,,,,,,,,,,,,,,,,,,,,,,,,,,,,,,,,,,,,,,,,,,,,,,,,
,Thornaby,,1979,61783,46176,23597,18073,4255,,,,,251,,,,,,,,,,,,,,,,,,,,,,,,,,,,,,,,,,,,,,,,,,,,,,,,,,,,,,,,,,,,,,,,,,,,,,,,,,,
,Thurrock,,1979,91712,68889,33449,27030,6445,,,,,1358,,,,,,,,,,,,,242,,,,,,,,,,,,,,,365,,,,,,,,,,,,,,,,,,,,,,,,,,,,,,,,,,,,,,,,,,,,,,,
,Tiverton,,1979,74370,58940,8281,33444,17215,,,,,,,,,,,,,,,,,,,,,,,,,,,,,,,,,,,,,,,,,,,,,,,,,,,,,,,,,,,,,,,,,,,,,,,,,,,,,,,,
,Tonbridge and Malling,,1979,68122,54149,13282,29534,10904,,,,,429,,,,,,,,,,,,,,,,,,,,,,,,,,,,,,,,,,,,,,,,,,,,,,,,,,,,,,,,,,,,,,,,,,,,,,,,,,,
,Tooting,,1979,50962,35916,18642,13442,2917,,233,,,682,,,,,,,,,,,,,,,,,,,,,,,,,,,,,,,,,,,,,,,,,,,,,,,,,,,,,,,,,,,,,,,,,,,,,,,,,,,
,Torbay,,1979,87987,66057,12919,36099,15231,,,,,647,,1161,,,,,,,,,,,,,,,,,,,,,,,,,,,,,,,,,,,,,,,,,,,,,,,,,,,,,,,,,,,,,,,,,,,,,,,,,
,Totnes,,1979,83960,67123,7668,35010,24445,,,,,,,,,,,,,,,,,,,,,,,,,,,,,,,,,,,,,,,,,,,,,,,,,,,,,,,,,,,,,,,,,,,,,,,,,,,,,,,,
,Tottenham,,1979,46821,28640,16299,9166,2177,,,,,833,,,,,,,,,,,,,94,,,,,,,,,,,,,,,,,,,,,,,,,,,,,,,,,,,,,,,,71,,,,,,,,,,,,,,,,,,,,,,
,Truro,,1979,76597,63532,4689,24863,33571,,,,,182,,,,,,,,,,,,,,,,,,,,,,,,,,,,,,,,,,,,,,,,,,,,,,,,,,,,,,,,,,,,,,,,,,,,,,,227,,,,
,Tunbridge Wells,,1979,71825,53626,11392,31928,9797,,,,,509,,,,,,,,,,,,,,,,,,,,,,,,,,,,,,,,,,,,,,,,,,,,,,,,,,,,,,,,,,,,,,,,,,,,,,,,,,,
,Twickenham,,1979,71535,57463,9591,30017,17169,,,,,686,,,,,,,,,,,,,,,,,,,,,,,,,,,,,,,,,,,,,,,,,,,,,,,,,,,,,,,,,,,,,,,,,,,,,,,,,,,
,Tynemouth,,1979,74722,58054,22377,29941,5736,,,,,,,,,,,,,,,,,,,,,,,,,,,,,,,,,,,,,,,,,,,,,,,,,,,,,,,,,,,,,,,,,,,,,,,,,,,,,,,,
,Ulster Mid,,1979,81457,65465,0,,,,,,,,,,,,3481,19266,12055,,1414,,,,,,,,,,,,,,,,,,,,,,,,,,,,,,,,,,,,,,,,,,29249,,,,,,,,,,,,,,,,,,,,,,,,
,Upminster,,1979,65966,53036,18895,27960,5216,,,,,965,,,,,,,,,,,,,,,,,,,,,,,,,,,,,,,,,,,,,,,,,,,,,,,,,,,,,,,,,,,,,,,,,,,,,,,,,,,
,Uxbridge,,1979,60313,47565,16972,24967,5031,,,,,595,,,,,,,,,,,,,,,,,,,,,,,,,,,,,,,,,,,,,,,,,,,,,,,,,,,,,,,,,,,,,,,,,,,,,,,,,,,
,Vauxhall,,1979,39870,24899,13058,8358,1842,,,,,879,,,,,,,,,,,,,153,,,,,,,,,,,,,,,,,,,,,,,,,,,,,,44,,,,,,,,,,,,,,,,,,,,,,,,,,,,,565,,,
,Wakefield,,1979,70509,53284,27124,19571,6059,,,,,530,,,,,,,,,,,,,,,,,,,,,,,,,,,,,,,,,,,,,,,,,,,,,,,,,,,,,,,,,,,,,,,,,,,,,,,,,,,
,Wallasey,,1979,69211,53475,21167,26548,5269,,,,,491,,,,,,,,,,,,,,,,,,,,,,,,,,,,,,,,,,,,,,,,,,,,,,,,,,,,,,,,,,,,,,,,,,,,,,,,,,,
,Wallsend,,1979,91312,69307,38214,21695,8514,,,,,472,,,,,,,,,,,,,412,,,,,,,,,,,,,,,,,,,,,,,,,,,,,,,,,,,,,,,,,,,,,,,,,,,,,,,,,,,,,,
,Walsall North,,1979,73102,52836,26913,21047,3778,,,,,1098,,,,,,,,,,,,,,,,,,,,,,,,,,,,,,,,,,,,,,,,,,,,,,,,,,,,,,,,,,,,,,,,,,,,,,,,,,,
,Walsall South,,1979,57709,44285,22539,20951,,,,,,795,,,,,,,,,,,,,,,,,,,,,,,,,,,,,,,,,,,,,,,,,,,,,,,,,,,,,,,,,,,,,,,,,,,,,,,,,,,
,Walthamstow,,1979,49315,35135,17651,13248,3117,,,,,1119,,,,,,,,,,,,,,,,,,,,,,,,,,,,,,,,,,,,,,,,,,,,,,,,,,,,,,,,,,,,,,,,,,,,,,,,,,,
,Wanstead and Woodford,,1979,57218,42170,8464,26214,6535,,,,,957,,,,,,,,,,,,,,,,,,,,,,,,,,,,,,,,,,,,,,,,,,,,,,,,,,,,,,,,,,,,,,,,,,,,,,,,,,,
,Warley East,,1979,55026,38773,21333,16236,,,,,,1204,,,,,,,,,,,,,,,,,,,,,,,,,,,,,,,,,,,,,,,,,,,,,,,,,,,,,,,,,,,,,,,,,,,,,,,,,,,
,Warley West,,1979,60935,43063,25125,15074,2864,,,,,,,,,,,,,,,,,,,,,,,,,,,,,,,,,,,,,,,,,,,,,,,,,,,,,,,,,,,,,,,,,,,,,,,,,,,,,,,,
,Warrington,,1979,43921,31315,19306,9032,2833,,,,,,,,,,,,,,,,,,,,,,,,,,,,,,,,,,,,,,,,,,,,,,,,,,,,,,,,,,,,,,,,,,,,,,,,,,,,,,144,,
,Warwick and Leamington,,1979,85074,66102,19367,35925,9905,,,,,,,905,,,,,,,,,,,,,,,,,,,,,,,,,,,,,,,,,,,,,,,,,,,,,,,,,,,,,,,,,,,,,,,,,,,,,,,,,
,Watford,,1979,55079,44757,18030,21320,5019,,,,,388,,,,,,,,,,,,,,,,,,,,,,,,,,,,,,,,,,,,,,,,,,,,,,,,,,,,,,,,,,,,,,,,,,,,,,,,,,,
,Wellingborough,,1979,89022,72334,25278,37812,8506,,,,,529,,,,,,,,,,,,,,,,,,,,,,,,,,,,209,,,,,,,,,,,,,,,,,,,,,,,,,,,,,,,,,,,,,,,,,,,,,,,
,Wells,,1979,74717,59205,10025,30400,18204,,,,,,,,,,,,,,,,,,,,,,,,,,,,,,,,,421,,,,,,,,,,,,,155,,,,,,,,,,,,,,,,,,,,,,,,,,,,,,,,,,
,Welwyn and Hatfield,,1979,69957,59457,25418,28892,4688,,,,,459,,,,,,,,,,,,,,,,,,,,,,,,,,,,,,,,,,,,,,,,,,,,,,,,,,,,,,,,,,,,,,,,,,,,,,,,,,,
,West Bromwich East,,1979,57660,40990,19279,17308,3228,,,,,1175,,,,,,,,,,,,,,,,,,,,,,,,,,,,,,,,,,,,,,,,,,,,,,,,,,,,,,,,,,,,,,,,,,,,,,,,,,,
,West Bromwich West,,1979,58803,39465,23791,14323,,,,,,1351,,,,,,,,,,,,,,,,,,,,,,,,,,,,,,,,,,,,,,,,,,,,,,,,,,,,,,,,,,,,,,,,,,,,,,,,,,,
,Westbury,,1979,79538,63417,12532,29929,15950,,,,,,,554,,,,,,,,,,,,,,,,,,,,,,,,,,2547,,,,,,,,,,,,,1905,,,,,,,,,,,,,,,,,,,,,,,,,,,,,,,,,,
,Western Isles,,1979,22393,15119,4878,1600,700,,,7941,,,,,,,,,,,,,,,,,,,,,,,,,,,,,,,,,,,,,,,,,,,,,,,,,,,,,,,,,,,,,,,,,,,,,,,,,,,,,
,Westhoughton,,1979,76922,61627,29685,24398,7544,,,,,,,,,,,,,,,,,,,,,,,,,,,,,,,,,,,,,,,,,,,,,,,,,,,,,,,,,,,,,,,,,,,,,,,,,,,,,,,,
,West Lothian,,1979,85645,66910,36713,13162,,,404,16631,,,,,,,,,,,,,,,,,,,,,,,,,,,,,,,,,,,,,,,,,,,,,,,,,,,,,,,,,,,,,,,,,,,,,,,,,,,,,
,Westmorland,,1979,59956,44638,6497,25274,12867,,,,,,,,,,,,,,,,,,,,,,,,,,,,,,,,,,,,,,,,,,,,,,,,,,,,,,,,,,,,,,,,,,,,,,,,,,,,,,,,
,Weston-Super-Mare,,1979,92096,71343,14420,40618,16305,,,,,,,,,,,,,,,,,,,,,,,,,,,,,,,,,,,,,,,,,,,,,,,,,,,,,,,,,,,,,,,,,,,,,,,,,,,,,,,,
,Whitehaven,,1979,52787,43146,22626,17171,2559,,,,,,,,,,,,,,,,,,,,,,,,,,,,,,,,,790,,,,,,,,,,,,,,,,,,,,,,,,,,,,,,,,,,,,,,,,,,,,,,,
,Widnes,,1979,78228,58075,32033,21752,4290,,,,,,,,,,,,,,,,,,,,,,,,,,,,,,,,,,,,,,,,,,,,,,,,,,,,,,,,,,,,,,,,,,,,,,,,,,,,,,,,
,Wigan,,1979,59024,43743,26144,13149,4102,,,,,,,,,,,,,,,,,,348,,,,,,,,,,,,,,,,,,,,,,,,,,,,,,,,,,,,,,,,,,,,,,,,,,,,,,,,,,,,,,
,Wimbledon,,1979,65471,50035,14252,27567,7604,,,,,612,,,,,,,,,,,,,,,,,,,,,,,,,,,,,,,,,,,,,,,,,,,,,,,,,,,,,,,,,,,,,,,,,,,,,,,,,,,
,Winchester,,1979,87412,68199,15378,38198,14228,,,,,,,,,,,,,,,,,,,,,,,,,,,,,,,,,,,,,,,,,,,,,,395,,,,,,,,,,,,,,,,,,,,,,,,,,,,,,,,,,
,Windsor and Maidenhead,,1979,85441,64449,13321,38451,11496,,,,,930,,,,,,,,,,,,,,,,,,,,,,,,,,,,,,,,,,,,,,,,,251,,,,,,,,,,,,,,,,,,,,,,,,,,,,,,,,,,
,Wirral,,1979,97033,75476,21188,44519,9769,,,,,,,,,,,,,,,,,,,,,,,,,,,,,,,,,,,,,,,,,,,,,,,,,,,,,,,,,,,,,,,,,,,,,,,,,,,,,,,,
,Woking,,1979,72670,55601,13327,31719,9991,,,,,564,,,,,,,,,,,,,,,,,,,,,,,,,,,,,,,,,,,,,,,,,,,,,,,,,,,,,,,,,,,,,,,,,,,,,,,,,,,
,Wokingham,,1979,85001,66484,17448,36194,12120,,,,,722,,,,,,,,,,,,,,,,,,,,,,,,,,,,,,,,,,,,,,,,,,,,,,,,,,,,,,,,,,,,,,,,,,,,,,,,,,,
,Wolverhampton North East,,1979,67994,48075,24046,17986,4760,,,,,1283,,,,,,,,,,,,,,,,,,,,,,,,,,,,,,,,,,,,,,,,,,,,,,,,,,,,,,,,,,,,,,,,,,,,,,,,,,,
,Wolverhampton South East,,1979,53764,37153,20708,12807,2499,,,,,1139,,,,,,,,,,,,,,,,,,,,,,,,,,,,,,,,,,,,,,,,,,,,,,,,,,,,,,,,,,,,,,,,,,,,,,,,,,,
,Wolverhampton South West,,1979,66180,50666,15827,26587,6939,,,,,912,,,,,,,,,,,,,,,,,,,,,,,,,,,,,,,,,,,,,,,,,,,,,,,,,,,,,,,,,,,,,,,,,,,,,,,,,,401,
,Wood Green,,1979,52039,35078,16465,13950,3665,,,,,998,,,,,,,,,,,,,,,,,,,,,,,,,,,,,,,,,,,,,,,,,,,,,,,,,,,,,,,,,,,,,,,,,,,,,,,,,,,
,Woolwich East,,1979,52523,36822,21700,11240,2998,,,,,884,,,,,,,,,,,,,,,,,,,,,,,,,,,,,,,,,,,,,,,,,,,,,,,,,,,,,,,,,,,,,,,,,,,,,,,,,,,
,Woolwich West,,1979,56327,44828,18613,21222,4363,,,,,630,,,,,,,,,,,,,,,,,,,,,,,,,,,,,,,,,,,,,,,,,,,,,,,,,,,,,,,,,,,,,,,,,,,,,,,,,,,
,Worcester,,1979,78026,58842,18605,30194,8886,,,,,450,,707,,,,,,,,,,,,,,,,,,,,,,,,,,,,,,,,,,,,,,,,,,,,,,,,,,,,,,,,,,,,,,,,,,,,,,,,,
,Worcestershire South,,1979,79036,61126,10206,34926,14272,,,,,,,1722,,,,,,,,,,,,,,,,,,,,,,,,,,,,,,,,,,,,,,,,,,,,,,,,,,,,,,,,,,,,,,,,,,,,,,,,,
,Workington,,1979,55030,46109,24523,18767,2819,,,,,,,,,,,,,,,,,,,,,,,,,,,,,,,,,,,,,,,,,,,,,,,,,,,,,,,,,,,,,,,,,,,,,,,,,,,,,,,,
,Worthing,,1979,74961,54924,7163,33624,13244,,,,,893,,,,,,,,,,,,,,,,,,,,,,,,,,,,,,,,,,,,,,,,,,,,,,,,,,,,,,,,,,,,,,,,,,,,,,,,,,,
,The Wrekin,,1979,92592,71710,31707,32672,7331,,,,,,,,,,,,,,,,,,,,,,,,,,,,,,,,,,,,,,,,,,,,,,,,,,,,,,,,,,,,,,,,,,,,,,,,,,,,,,,,
,Wrexham,,1979,78771,61790,30405,18256,11389,1740,,,,,,,,,,,,,,,,,,,,,,,,,,,,,,,,,,,,,,,,,,,,,,,,,,,,,,,,,,,,,,,,,,,,,,,,,,,,,,,
,Wycombe,,1979,85843,74119,18000,38171,9615,,,,,8333,,,,,,,,,,,,,,,,,,,,,,,,,,,,,,,,,,,,,,,,,,,,,,,,,,,,,,,,,,,,,,,,,,,,,,,,,,,
,Yarmouth,,1979,72154,55656,20838,28066,6112,,,,,640,,,,,,,,,,,,,,,,,,,,,,,,,,,,,,,,,,,,,,,,,,,,,,,,,,,,,,,,,,,,,,,,,,,,,,,,,,,
,Yeovil,,1979,80646,65358,14098,31321,19939,,,,,,,,,,,,,,,,,,,,,,,,,,,,,,,,,,,,,,,,,,,,,,,,,,,,,,,,,,,,,,,,,,,,,,,,,,,,,,,,
,York,,1979,76832,59698,26703,25453,6752,,,,,221,,,,,,,,,,,,,,,,,,,,,,,,,,,,,,,,,,,,,,,,,,,,,,,,,,,,,,,,,,,,,,,,,,,,,,,,,,,569
